name,Region,Last Update,Confirmed,Deaths,Recovered
Hubei,Mainland China,2020-05-04 20:00:00,68128,4512,63616
Guangdong,Mainland China,2020-05-04 20:00:00,1588,8,1569
Henan,Mainland China,2020-05-04 20:00:00,1276,22,1254
Zhejiang,Mainland China,2020-05-04 20:00:00,1268,1,1265
Hong Kong,Hong Kong,2020-05-04 20:00:00,1040,4,900
Hunan,Mainland China,2020-05-04 20:00:00,1019,4,1015
Anhui,Mainland China,2020-05-04 20:00:00,991,6,985
Jiangxi,Mainland China,2020-05-04 20:00:00,937,1,936
Heilongjiang,Mainland China,2020-05-04 20:00:00,944,13,657
Shandong,Mainland China,2020-05-04 20:00:00,788,7,773
Jiangsu,Mainland China,2020-05-04 20:00:00,653,0,650
Chongqing,Mainland China,2020-05-04 20:00:00,579,6,573
Beijing,Mainland China,2020-05-04 20:00:00,593,9,553
Shanghai,Mainland China,2020-05-04 20:00:00,655,7,619
Sichuan,Mainland China,2020-05-04 20:00:00,561,3,558
Taiwan,Taiwan,2020-05-04 20:00:00,438,6,334
Fujian,Mainland China,2020-05-04 20:00:00,356,1,353
Hebei,Mainland China,2020-05-04 20:00:00,328,6,318
Shaanxi,Mainland China,2020-05-04 20:00:00,306,3,263
Guangxi,Mainland China,2020-05-04 20:00:00,254,2,252
Nei Mongol,Mainland China,2020-05-04 20:00:00,201,1,156
Shanxi,Mainland China,2020-05-04 20:00:00,198,0,180
Tianjin,Mainland China,2020-05-04 20:00:00,190,3,186
Yunnan,Mainland China,2020-05-04 20:00:00,185,2,181
Hainan,Mainland China,2020-05-04 20:00:00,168,6,162
Guizhou,Mainland China,2020-05-04 20:00:00,147,2,145
Liaoning,Mainland China,2020-05-04 20:00:00,146,2,144
Gansu,Mainland China,2020-05-04 20:00:00,139,2,137
Jilin,Mainland China,2020-05-04 20:00:00,112,1,103
Xinjiang Uygur,Mainland China,2020-05-04 20:00:00,76,3,73
Ningxia,Mainland China,2020-05-04 20:00:00,75,0,75
Macau,Macau,2020-05-04 20:00:00,45,0,39
Qinghai,Mainland China,2020-05-04 20:00:00,18,0,18
Xizang,Mainland China,2020-05-04 20:00:00,1,0,1
Comoros,Comoros,2020-05-04 20:00:00,3,0,0
Tajikistan,Tajikistan,2020-05-04 20:00:00,230,3,0
Yemen,Yemen,2020-05-04 20:00:00,12,2,1
Sao Tome and Principe,Sao Tome and Principe,2020-05-04 20:00:00,16,1,4
Saint Pierre and Miquelon,Saint Pierre and Miquelon,2020-05-04 20:00:00,1,0,0
South Sudan,South Sudan,2020-05-04 20:00:00,46,0,0
Falkland Islands (Islas Malvinas),Falkland Islands (Islas Malvinas),2020-04-05 20:00:00,2,0,0
Malawi,Malawi,2020-05-04 20:00:00,41,3,9
Burundi,Burundi,2020-05-04 20:00:00,15,1,7
Sierra Leone,Sierra Leone,2020-05-04 20:00:00,178,9,37
Botswana,Botswana,2020-05-04 20:00:00,23,1,8
Anguilla,Anguilla,2020-05-04 20:00:00,3,0,3
Saint Barthelemy,Saint Barthelemy,2020-05-04 20:00:00,6,0,6
Bermuda,Bermuda,2020-05-04 20:00:00,115,7,51
Faroe Islands,Faroe Islands,2020-05-04 20:00:00,187,0,185
Gibraltar,Gibraltar,2020-05-04 20:00:00,144,0,133
Isle of Man,Isle of Man,2020-05-04 20:00:00,325,23,271
Saint Martin,Saint Martin,2020-05-04 20:00:00,38,3,29
Montserrat,Montserrat,2020-05-04 20:00:00,11,1,7
Mayotte,Mayotte,2020-05-04 20:00:00,686,6,352
New Caledonia,New Caledonia,2020-05-04 20:00:00,18,0,17
Sint Maarten,Sint Maarten,2020-05-04 20:00:00,76,13,44
Turks and Caicos Islands,Turks and Caicos Islands,2020-05-04 20:00:00,12,1,6
Republic of the Congo,Republic of the Congo,2020-05-04 20:00:00,236,10,26
Angola,Angola,2020-05-04 20:00:00,35,2,11
Benin,Benin,2020-05-04 20:00:00,96,2,50
Bahamas,Bahamas,2020-05-04 20:00:00,83,11,24
Belize,Belize,2020-05-04 20:00:00,18,2,13
Barbados,Barbados,2020-05-04 20:00:00,82,7,44
Central African Republic,Central African Republic,2020-05-04 20:00:00,85,0,10
Cabo Verde,Cabo Verde,2020-05-04 20:00:00,175,2,37
Djibouti,Djibouti,2020-05-04 20:00:00,1116,2,713
Dominica,Dominica,2020-05-04 20:00:00,16,0,13
Eritrea,Eritrea,2020-05-04 20:00:00,39,0,26
Fiji,Fiji,2020-05-04 20:00:00,18,0,14
Gambia,Gambia,2020-05-04 20:00:00,17,1,9
Guinea-Bissau,Guinea-Bissau,2020-05-04 20:00:00,257,1,19
Equatorial Guinea,Equatorial Guinea,2020-05-04 20:00:00,315,3,13
Grenada,Grenada,2020-05-04 20:00:00,21,0,13
Haiti,Haiti,2020-05-04 20:00:00,88,9,10
Kyrgyzstan,Kyrgyzstan,2020-05-04 20:00:00,830,10,575
Saint Kitts and Nevis,Saint Kitts and Nevis,2020-05-04 20:00:00,15,0,8
Laos,Laos,2020-05-04 20:00:00,19,0,9
Liberia,Liberia,2020-05-04 20:00:00,166,18,58
Libya,Libya,2020-05-03 12:00:00,63,3,32
Madagascar,Madagascar,2020-05-04 20:00:00,149,0,99
Mali,Mali,2020-05-04 20:00:00,580,29,223
Montenegro,Montenegro,2020-05-04 20:00:00,323,8,253
Mozambique,Mozambique,2020-05-04 20:00:00,80,0,19
Mauritius,Mauritius,2020-04-27 17:00:00,334,9,302
Niger,Niger,2020-05-04 20:00:00,750,36,518
Nicaragua,Nicaragua,2020-05-04 20:00:00,15,5,7
Papua New Guinea,Papua New Guinea,2020-05-04 20:00:00,8,0,6
El Salvador,El Salvador,2020-05-04 20:00:00,555,12,180
Somalia,Somalia,2020-05-04 20:00:00,756,35,61
Kosovo,Kosovo,2020-05-04 20:00:00,851,22,381
Syria,Syria,2020-05-04 20:00:00,44,3,27
Chad,Chad,2020-05-04 20:00:00,117,10,39
Timor-Leste,Timor-Leste,2020-05-04 20:00:00,24,0,20
Tanzania,Tanzania,2020-05-04 20:00:00,480,16,167
Uganda,Uganda,2020-05-04 20:00:00,89,0,55
Zambia,Zambia,2020-05-04 20:00:00,137,3,78
Zimbabwe,Zimbabwe,2020-05-02 01:00:00,40,4,5
Spain,Spain,2020-05-04 18:00:00,248301,25428,151633
United Kingdom,United Kingdom,2020-05-04 20:00:00,191831,28809,903
France,France,2020-05-04 20:00:00,168969,24900,51009
Russia,Russia,2020-05-04 20:00:00,145268,1356,18095
Turkey,Turkey,2020-05-04 20:00:00,127659,3461,68166
Iran,Iran,2020-05-04 20:00:00,98647,6277,79379
Netherlands,Netherlands,2020-05-04 14:00:00,40968,5098,6
Switzerland,Switzerland,2020-05-04 20:00:00,29981,1784,24500
Portugal,Portugal,2020-05-04 20:00:00,25524,1063,1712
Ecuador,Ecuador,2020-05-04 20:00:00,31881,1569,3433
Saudi Arabia,Saudi Arabia,2020-05-04 20:00:00,28656,191,4476
Sweden,Sweden,2020-05-04 20:00:00,22721,2769,1005
Ireland,Ireland,2020-05-04 20:00:00,21772,1319,13386
Mexico,Mexico,2020-05-04 20:00:00,23471,2154,13447
Pakistan,Pakistan,2020-05-04 20:00:00,20941,476,5635
Singapore,Singapore,2020-05-04 20:00:00,18778,18,1457
Israel,Israel,2020-05-04 20:00:00,16246,235,10064
Japan,Japan,2020-05-04 20:00:00,14877,487,3981
Belarus,Belarus,2020-05-04 20:00:00,17489,103,3259
Norway,Norway,2020-05-04 20:00:00,7884,214,32
Australia,Australia,2020-05-04 11:00:00,6825,95,5863
Denmark,Denmark,2020-05-04 20:00:00,9670,493,7088
Malaysia,Malaysia,2020-05-04 20:00:00,6353,105,4484
Czech Republic,Czech Republic,2020-05-04 20:00:00,7799,251,3786
Luxembourg,Luxembourg,2020-05-04 20:00:00,3828,96,3405
Thailand,Thailand,2020-05-04 20:00:00,2987,54,2740
Finland,Finland,2020-05-04 20:00:00,5327,240,3500
Others,Japan (Diamond Princess),2020-03-03 03:00:00,706,6,10
Poland,Poland,2020-05-04 20:00:00,14006,698,4095
Iceland,Iceland,2020-05-04 20:00:00,1799,10,1723
Indonesia,Indonesia,2020-05-04 20:00:00,11587,864,1954
Romania,Romania,2020-05-04 20:00:00,13512,818,5269
Qatar,Qatar,2020-05-04 20:00:00,16191,12,1810
Philippines,Philippines,2020-05-04 20:00:00,9485,623,1315
Slovenia,Slovenia,2020-05-04 20:00:00,1439,97,241
South Africa,South Africa,2020-05-04 20:00:00,7220,138,2746
Estonia,Estonia,2020-05-04 20:00:00,1703,55,259
Bahrain,Bahrain,2020-05-04 20:00:00,3533,8,1744
Egypt,Egypt,2020-05-04 20:00:00,6813,436,1632
Croatia,Croatia,2020-05-04 20:00:00,2101,80,1522
Panama,Panama,2020-05-04 20:00:00,7197,200,641
Lebanon,Lebanon,2020-05-04 20:00:00,740,25,200
Iraq,Iraq,2020-05-04 20:00:00,2346,98,1544
Serbia,Serbia,2020-05-04 20:00:00,9464,193,1551
Dominican Republic,Dominican Republic,2020-05-04 20:00:00,8235,346,1771
Algeria,Algeria,2020-05-04 20:00:00,4648,465,1998
Armenia,Armenia,2020-05-04 20:00:00,2507,39,1071
Kuwait,Kuwait,2020-05-04 20:00:00,5278,40,1947
Bulgaria,Bulgaria,2020-05-04 20:00:00,1652,78,321
Slovakia,Slovakia,2020-05-04 20:00:00,1413,25,643
San Marino,San Marino,2020-05-04 20:00:00,582,41,86
United Arab Emirates,United Arab Emirates,2020-05-04 20:00:00,14730,137,2966
Latvia,Latvia,2020-05-04 20:00:00,896,16,348
Uruguay,Uruguay,2020-05-04 20:00:00,655,17,442
Hungary,Hungary,2020-05-04 20:00:00,3035,351,630
Lithuania,Lithuania,2020-04-27 11:00:00,1449,41,474
Costa Rica,Costa Rica,2020-05-04 20:00:00,742,6,399
North Macedonia,North Macedonia,2020-05-04 20:00:00,1518,85,992
Vietnam,Vietnam,2020-05-04 20:00:00,271,0,219
Andorra,Andorra,2020-05-04 20:00:00,750,45,499
Morocco,Morocco,2020-05-04 20:00:00,5053,179,1653
Jordan,Jordan,2020-05-04 20:00:00,465,9,370
Cyprus,Cyprus,2020-05-04 20:00:00,874,15,296
Moldova,Moldova,2020-05-04 20:00:00,4248,132,1423
Bosnia and Herzegovina,Bosnia and Herzegovina,2020-05-04 20:00:00,1926,78,855
Malta,Malta,2020-05-04 20:00:00,480,4,399
Albania,Albania,2020-05-04 20:00:00,803,31,543
Brunei,Brunei,2020-05-04 20:00:00,138,1,130
Cambodia,Cambodia,2020-05-04 20:00:00,122,0,120
Sri Lanka,Sri Lanka,2020-05-04 20:00:00,751,8,194
Tunisia,Tunisia,2020-05-04 20:00:00,1013,42,328
Burkina Faso,Burkina Faso,2020-05-04 20:00:00,662,45,540
Venezuela,Venezuela,2020-05-04 20:00:00,357,10,158
New Zealand,New Zealand,2020-05-04 20:00:00,1487,20,1276
Azerbaijan,Azerbaijan,2020-05-04 20:00:00,1984,26,1480
Kazakhstan,Kazakhstan,2020-05-04 20:00:00,4049,29,1173
Senegal,Senegal,2020-05-04 20:00:00,1271,10,415
Guadeloupe,Guadeloupe,2020-05-04 20:00:00,152,12,98
Oman,Oman,2020-05-04 20:00:00,2637,12,816
Georgia (country),Georgia,2020-05-04 20:00:00,593,9,223
Trinidad and Tobago,Trinidad and Tobago,2020-05-04 20:00:00,116,8,96
Ukraine,Ukraine,2020-05-04 20:00:00,12331,303,1619
Reunion,Reunion,2020-05-04 20:00:00,424,0,300
Uzbekistan,Uzbekistan,2020-05-04 20:00:00,2189,10,1405
Cameroon,Cameroon,2020-05-04 20:00:00,2077,64,953
Martinique,Martinique,2020-05-04 20:00:00,181,14,83
Liechtenstein,Liechtenstein,2020-05-04 20:00:00,82,1,55
Afghanistan,Afghanistan,2020-05-04 20:00:00,2894,90,397
Palestine,Palestine,2020-04-25 20:00:00,495,4,92
Democratic Republic of the Congo,Democratic Republic of the Congo,2020-05-04 20:00:00,682,34,80
Bangladesh,Bangladesh,2020-05-04 20:00:00,10143,182,1209
Nigeria,Nigeria,2020-05-04 20:00:00,2558,87,400
Honduras,Honduras,2020-05-04 20:00:00,1055,82,118
Bolivia,Bolivia,2020-05-04 20:00:00,1594,76,166
Paraguay,Paraguay,2020-05-04 20:00:00,396,10,126
Cuba,Cuba,2020-05-04 20:00:00,1668,69,876
Ghana,Ghana,2020-05-04 20:00:00,2719,18,294
French Guiana,French Guiana,2020-05-04 20:00:00,133,1,100
Rwanda,Rwanda,2020-05-04 20:00:00,261,0,128
Guatemala,Guatemala,2020-05-04 20:00:00,703,17,72
Jamaica,Jamaica,2020-05-04 20:00:00,469,9,38
Togo,Togo,2020-05-04 20:00:00,126,9,74
Kenya,Kenya,2020-05-04 20:00:00,490,24,173
Cote d'Ivoire,Cote d'Ivoire,2020-05-04 20:00:00,1398,17,653
Maldives,Maldives,2020-05-04 20:00:00,541,1,18
Monaco,Monaco,2020-05-04 20:00:00,95,4,78
Ethiopia,Ethiopia,2020-05-04 20:00:00,140,3,75
Mongolia,Mongolia,2020-05-04 20:00:00,40,0,12
Guyana,Guyana,2020-05-04 20:00:00,82,9,22
Seychelles,Seychelles,2020-05-04 20:00:00,11,0,6
Suriname,Suriname,2020-05-04 20:00:00,10,1,9
Gabon,Gabon,2020-05-04 20:00:00,335,5,85
French Polynesia,French Polynesia,2020-05-04 20:00:00,58,0,51
Namibia,Namibia,2020-05-04 20:00:00,16,0,8
Bhutan,Bhutan,2020-05-04 20:00:00,7,0,5
Saint Lucia,Saint Lucia,2020-05-04 20:00:00,18,0,15
Sudan,Sudan,2020-05-04 20:00:00,678,41,61
Nepal,Nepal,2020-05-03 19:00:00,84,0,16
Guinea,Guinea,2020-05-04 20:00:00,1710,9,450
Aruba,Aruba,2020-05-04 20:00:00,100,2,81
Jersey,Jersey,2020-03-14 18:00:00,2,0,0
Mauritania,Mauritania,2020-05-04 20:00:00,8,1,6
Antigua and Barbuda,Antigua and Barbuda,2020-05-04 20:00:00,25,3,15
Saint Vincent and the Grenadines,Saint Vincent and the Grenadines,2020-05-04 20:00:00,17,0,9
Curacao,Curacao,2020-05-04 20:00:00,16,1,13
Greenland,Greenland,2020-05-04 20:00:00,11,0,11
Guernsey,Guernsey,2020-03-13 13:00:00,1,0,0
Vatican City,Vatican City,2020-05-04 20:00:00,11,0,2
Cayman Islands,Cayman Islands,2020-05-04 20:00:00,74,1,10
India,India,2020-05-04 19:00:00,46437,1566,12842
Canada,Canada,2020-05-04 16:00:00,59844,3766,21187
Italy,Italy,2020-05-04 18:00:00,212000,29079,82879
South Korea,South Korea,2020-05-04 10:00:00,10801,252,9217
Austria,Austria,2020-05-04 18:00:00,15558,600,13316
Belgium,Belgium,2020-05-04 10:00:00,50267,7924,12378
Greece,Greece,2020-05-03 19:00:00,2626,144,1374
Chile,Chile,2020-05-04 17:00:00,20643,270,10415
Peru,Peru,2020-05-04 20:00:00,47372,1344,14427
Argentina,Argentina,2020-05-04 02:00:00,4783,246,1354
Brazil,Brazil,2020-05-04 01:00:00,101147,7025,42991
Colombia,Colombia,2020-05-04 01:00:00,7668,340,1722
Germany,Germany,2020-05-02 22:00:00,165610,6937,129000
New York,USA,2020-05-04 20:00:00,325429,24892,34155
New Jersey,USA,2020-05-04 20:00:00,128269,7910,730
Massachusetts,USA,2020-05-04 20:00:00,68087,4004,4710
Illinois,USA,2020-05-04 20:00:00,61499,2618,645
California,USA,2020-05-04 20:00:00,55070,2222,3916
Pennsylvania,USA,2020-05-04 20:00:00,52816,2838,916
Michigan,USA,2020-05-04 20:00:00,43801,4053,15674
Florida,USA,2020-05-04 20:00:00,36897,1399,174
Texas,USA,2020-05-04 20:00:00,32582,892,14280
Louisiana,USA,2020-05-04 20:00:00,29673,2064,20316
Georgia,USA,2020-05-04 20:00:00,29306,1223,340
Connecticut,USA,2020-05-04 20:00:00,29287,2436,63
Maryland,USA,2020-05-04 20:00:00,26408,1317,1517
Indiana,USA,2020-05-04 20:00:00,20507,1151,1559
Ohio,USA,2020-05-04 20:00:00,20476,1057,448
Virginia,USA,2020-05-04 20:00:00,19493,684,721
Colorado,USA,2020-05-04 20:00:00,16635,842,559
Washington,USA,2020-05-04 20:00:00,15836,834,1982
Tennessee,USA,2020-05-04 20:00:00,13177,210,5814
North Carolina,USA,2020-05-04 20:00:00,11971,442,1802
Iowa,USA,2020-05-04 20:00:00,9703,188,3486
Rhode Island,USA,2020-05-04 20:00:00,9652,341,601
Veteran Affair,USA,2020-05-04 20:00:00,9542,718,0
Arizona,USA,2020-05-04 20:00:00,8921,362,6
Missouri,USA,2020-05-04 20:00:00,8913,386,1984
Wisconsin,USA,2020-05-04 20:00:00,8236,340,3723
Alabama,USA,2020-05-04 20:00:00,7984,295,0
Mississippi,USA,2020-05-04 20:00:00,7877,310,3413
Minnesota,USA,2020-05-04 20:00:00,7234,427,4212
US Military,USA,2020-05-04 20:00:00,6962,27,2263
South Carolina,USA,2020-05-04 20:00:00,6626,275,3252
Nebraska,USA,2020-05-04 20:00:00,5891,78,0
Nevada,USA,2020-05-04 20:00:00,5610,264,3512
Kansas,USA,2020-05-04 20:00:00,5325,154,988
Utah,USA,2020-05-04 20:00:00,5318,50,1952
Delaware,USA,2020-05-04 20:00:00,5288,182,1640
District of Columbia,USA,2020-05-04 20:00:00,5170,258,666
Kentucky,USA,2020-05-04 20:00:00,5130,253,1675
Oklahoma,USA,2020-05-04 20:00:00,4044,238,2683
New Mexico,USA,2020-05-04 20:00:00,3850,151,832
Arkansas,USA,2020-05-04 20:00:00,3437,76,1999
Oregon,USA,2020-05-04 20:00:00,2759,109,595
South Dakota,USA,2020-05-04 20:00:00,2668,21,1830
New Hampshire,USA,2020-05-04 20:00:00,2518,86,1107
Federal Bureau of Prisons,USA,2020-05-04 20:00:00,2340,40,692
Idaho,USA,2020-05-04 20:00:00,2061,64,867
Navajo Nation,USA,2020-05-04 20:00:00,1977,62,0
Puerto Rico,USA,2020-05-04 20:00:00,1843,97,0
North Dakota,USA,2020-05-04 20:00:00,1225,25,540
Maine,USA,2020-05-04 20:00:00,1205,57,720
West Virginia,USA,2020-05-04 20:00:00,1195,48,572
Vermont,USA,2020-05-04 20:00:00,902,52,0
Hawaii,USA,2020-05-04 20:00:00,620,17,544
Wyoming,USA,2020-05-04 20:00:00,586,7,391
Montana,USA,2020-05-04 20:00:00,457,16,404
Alaska,USA,2020-05-04 20:00:00,370,9,264
Guam,USA,2020-05-04 20:00:00,145,5,128
Grand Princess,USA,2020-05-04 20:00:00,103,3,0
United States Virgin Islands,USA,2020-05-04 20:00:00,66,4,51
Diamond Princess,USA,2020-05-04 20:00:00,49,0,0
Northern Mariana Islands,USA,2020-05-04 20:00:00,14,2,12
Wuhan Evacuee,USA,2020-05-04 20:00:00,4,0,0
