name,Region,Last Update,Confirmed,Deaths,Recovered
Hubei,Mainland China,2020-01-28 23:00:00,3554,125,80
Zhejiang,Mainland China,2020-01-28 23:00:00,296,0,3
Guangdong,Mainland China,2020-01-28 23:00:00,241,0,5
Hunan,Mainland China,2020-01-28 23:00:00,221,0,0
Henan,Mainland China,2020-01-28 23:00:00,206,2,1
Anhui,Mainland China,2020-01-28 23:00:00,152,0,0
Chongqing,Mainland China,2020-01-28 23:00:00,147,0,1
Shandong,Mainland China,2020-01-28 23:00:00,121,0,0
Jiangxi,Mainland China,2020-01-28 23:00:00,109,0,3
Sichuan,Mainland China,2020-01-28 23:00:00,108,0,0
Jiangsu,Mainland China,2020-01-28 23:00:00,99,0,1
Beijing,Mainland China,2020-01-28 23:00:00,91,1,4
Fujian,Mainland China,2020-01-28 23:00:00,82,0,0
Shanghai,Mainland China,2020-01-28 23:00:00,80,1,4
Guangxi,Mainland China,2020-01-28 23:00:00,58,0,2
Shaanxi,Mainland China,2020-01-28 23:00:00,56,0,0
Hebei,Mainland China,2020-01-28 23:00:00,48,1,0
Yunnan,Mainland China,2020-01-28 23:00:00,44,0,0
Hainan,Mainland China,2020-01-28 23:00:00,43,1,0
Heilongjiang,Mainland China,2020-01-28 23:00:00,37,1,0
Liaoning,Mainland China,2020-01-28 23:00:00,36,0,0
Shanxi,Mainland China,2020-01-28 23:00:00,27,0,0
Tianjin,Mainland China,2020-01-28 23:00:00,25,0,0
Gansu,Mainland China,2020-01-28 23:00:00,24,0,0
Nei Mongol,Mainland China,2020-01-28 23:00:00,16,0,0
Thailand,Thailand,2020-01-28 23:00:00,14,0,5
Xinjiang Uygur,Mainland China,2020-01-28 23:00:00,13,0,0
Ningxia,Mainland China,2020-01-28 23:00:00,12,0,0
Guizhou,Mainland China,2020-01-28 23:00:00,9,0,0
Jilin,Mainland China,2020-01-28 23:00:00,9,0,0
Hong Kong,Hong Kong,2020-01-28 23:00:00,8,0,0
Taiwan,Taiwan,2020-01-28 23:00:00,8,0,0
Japan,Japan,2020-01-28 23:00:00,7,0,1
Macau,Macau,2020-01-28 23:00:00,7,0,0
Malaysia,Malaysia,2020-01-28 23:00:00,7,0,0
Singapore,Singapore,2020-01-28 23:00:00,7,0,0
Qinghai,Mainland China,2020-01-28 23:00:00,6,0,0
Australia,Australia,2020-01-28 23:00:00,5,0,0
France,France,2020-01-28 23:00:00,4,0,0
Germany,Germany,2020-01-28 23:00:00,4,0,0
South Korea,South Korea,2020-01-28 23:00:00,4,0,0
California,USA,2020-01-28 23:00:00,2,0,0
Canada,Canada,2020-01-28 23:00:00,2,0,0
Vietnam,Vietnam,2020-01-28 23:00:00,2,0,0
Arizona,USA,2020-01-28 23:00:00,1,0,0
Cambodia,Cambodia,2020-01-28 23:00:00,1,0,0
Illinois,USA,2020-01-28 23:00:00,1,0,0
Nepal,Nepal,2020-01-28 23:00:00,1,0,0
Sri Lanka,Sri Lanka,2020-01-28 23:00:00,1,0,0
Washington,USA,2020-01-28 18:00:00,1,0,0
