name,Region,Last Update,Confirmed,Deaths,Recovered
Hubei,Mainland China,2020-03-10 02:00:00,67760,3024,47585
Guangdong,Mainland China,2020-03-10 02:00:00,1353,8,1270
Henan,Mainland China,2020-03-09 01:00:00,1272,22,1247
Zhejiang,Mainland China,2020-03-10 02:00:00,1215,1,1190
Hunan,Mainland China,2020-03-10 02:00:00,1018,4,988
Anhui,Mainland China,2020-03-09 01:00:00,990,6,984
Jiangxi,Mainland China,2020-03-10 02:00:00,935,1,923
Shandong,Mainland China,2020-03-10 02:00:00,758,6,703
Jiangsu,Mainland China,2020-03-10 02:00:00,631,0,622
Chongqing,Mainland China,2020-03-10 02:00:00,576,6,542
Sichuan,Mainland China,2020-03-09 01:00:00,539,3,465
Heilongjiang,Mainland China,2020-03-10 02:00:00,481,13,434
Beijing,Mainland China,2020-03-10 02:00:00,429,8,320
Shanghai,Mainland China,2020-03-10 02:00:00,342,3,315
Hebei,Mainland China,2020-03-10 02:00:00,318,6,307
Fujian,Mainland China,2020-03-09 01:00:00,296,1,295
Guangxi,Mainland China,2020-03-10 02:00:00,252,2,234
Shaanxi,Mainland China,2020-03-10 02:00:00,245,1,227
Yunnan,Mainland China,2020-03-09 01:00:00,174,2,170
Hainan,Mainland China,2020-03-09 01:00:00,168,6,159
Guizhou,Mainland China,2020-03-10 02:00:00,146,2,129
Tianjin,Mainland China,2020-03-10 02:00:00,136,3,130
Shanxi,Mainland China,2020-03-10 02:00:00,133,0,127
Liaoning,Mainland China,2020-03-10 02:00:00,125,1,110
Gansu,Mainland China,2020-03-10 02:00:00,124,2,88
Hong Kong,Hong Kong,2020-03-10 02:00:00,115,3,60
Jilin,Mainland China,2020-03-10 02:00:00,93,1,91
Xinjiang Uygur,Mainland China,2020-03-09 01:00:00,76,3,73
Nei Mongol,Mainland China,2020-03-10 02:00:00,75,1,70
Ningxia,Mainland China,2020-03-09 01:00:00,75,0,71
Taiwan,Taiwan,2020-03-09 01:00:00,45,1,15
Qinghai,Mainland China,2020-03-07 01:00:00,18,0,18
Macau,Macau,2020-03-07 01:00:00,10,0,10
Xizang,Mainland China,2020-02-12 07:00:00,1,0,1
Saint Barthelemy,Saint Barthelemy,2020-03-09 11:00:00,1,0,0
Faroe Islands,Faroe Islands,2020-03-08 06:00:00,2,0,0
Gibraltar,Gibraltar,2020-03-04 14:00:00,1,0,0
Italy,Italy,2020-03-09 20:00:00,9172,463,724
South Korea,South Korea,2020-03-10 02:00:00,7513,54,247
Iran,Iran,2020-03-09 11:30:00,7161,237,2394
France,France,2020-03-10 02:00:00,1412,30,12
Spain,Spain,2020-03-10 02:00:00,1231,30,32
Germany,Germany,2020-03-09 16:00:00,1224,2,16
Others,Japan (Diamond Princess),2020-03-03 03:00:00,706,6,10
Japan,Japan,2020-03-09 20:00:00,520,9,101
Switzerland,Switzerland,2020-03-09 13:30:00,374,2,3
Netherlands,Netherlands,2020-03-09 20:00:00,321,3,1
United Kingdom,United Kingdom,2020-03-10 02:00:00,319,5,18
Sweden,Sweden,2020-03-10 02:00:00,261,0,1
Belgium,Belgium,2020-03-09 14:00:00,239,0,1
Norway,Norway,2020-03-10 02:00:00,227,0,0
Singapore,Singapore,2020-03-10 02:00:00,160,0,93
Austria,Austria,2020-03-10 02:00:00,131,0,2
Malaysia,Malaysia,2020-03-09 11:00:00,117,0,24
Bahrain,Bahrain,2020-03-09 15:00:00,109,0,14
Australia,Australia,2020-03-10 02:00:00,101,3,22
Canada,Canada,2020-03-10 02:00:00,70,1,8
Greece,Greece,2020-03-08 20:00:00,73,0,0
Iraq,Iraq,2020-03-10 02:00:00,71,7,9
Kuwait,Kuwait,2020-03-10 02:00:00,65,0,1
Iceland,Iceland,2020-03-10 02:00:00,65,0,1
Egypt,Egypt,2020-03-10 02:00:00,59,1,12
United Arab Emirates,United Arab Emirates,2020-03-10 02:00:00,59,0,7
Thailand,Thailand,2020-03-07 15:00:00,50,1,31
San Marino,San Marino,2020-03-10 02:00:00,51,2,0
Israel,Israel,2020-03-10 02:00:00,50,0,4
India,India,2020-03-10 02:00:00,47,0,4
Lebanon,Lebanon,2020-03-10 02:00:00,41,0,1
Czech Republic,Czech Republic,2020-03-10 02:00:00,38,0,0
Finland,Finland,2020-03-10 02:00:00,33,0,1
Denmark,Denmark,2020-03-09 20:00:00,90,0,1
Portugal,Portugal,2020-03-08 20:00:00,30,0,0
Vietnam,Vietnam,2020-03-08 20:00:00,30,0,16
Slovenia,Slovenia,2020-03-10 02:00:00,25,0,0
Palestine,Palestine,2020-03-10 02:00:00,25,0,0
Brazil,Brazil,2020-03-09 11:00:00,25,0,0
Ireland,Ireland,2020-03-10 02:00:00,24,0,0
Philippines,Philippines,2020-03-10 02:00:00,24,1,2
Saudi Arabia,Saudi Arabia,2020-03-10 02:00:00,20,0,1
Russia,Russia,2020-03-10 02:00:00,20,0,3
Algeria,Algeria,2020-03-09 11:00:00,20,0,0
Indonesia,Indonesia,2020-03-10 02:00:00,19,0,0
Qatar,Qatar,2020-03-10 02:00:00,18,0,0
Oman,Oman,2020-03-10 02:00:00,18,0,2
Poland,Poland,2020-03-10 02:00:00,17,0,0
Romania,Romania,2020-03-10 02:00:00,17,0,0
Argentina,Argentina,2020-03-10 02:00:00,17,1,0
Pakistan,Pakistan,2020-03-10 02:00:00,16,0,0
Georgia (country),Georgia,2020-03-10 02:00:00,15,0,0
Ecuador,Ecuador,2020-03-09 10:00:00,15,0,0
Croatia,Croatia,2020-03-10 02:00:00,13,0,0
Chile,Chile,2020-03-09 18:30:00,13,0,0
Estonia,Estonia,2020-03-06 14:00:00,10,0,0
Azerbaijan,Azerbaijan,2020-03-07 15:00:00,9,0,0
Hungary,Hungary,2020-03-10 02:00:00,9,0,0
Peru,Peru,2020-03-09 18:30:00,9,0,0
Mexico,Mexico,2020-03-08 20:30:00,7,0,0
Slovakia,Slovakia,2020-03-10 02:00:00,7,0,0
South Africa,South Africa,2020-03-10 02:00:00,7,0,0
Belarus,Belarus,2020-03-09 12:00:00,6,0,1
Maldives,Maldives,2020-03-10 02:00:00,6,0,0
Latvia,Latvia,2020-03-10 02:00:00,6,0,0
New Zealand,New Zealand,2020-03-07 15:00:00,5,0,0
Dominican Republic,Dominican Republic,2020-03-08 20:30:00,5,0,0
Costa Rica,Costa Rica,2020-03-09 10:00:00,9,0,0
Tunisia,Tunisia,2020-03-10 02:00:00,5,0,0
Luxembourg,Luxembourg,2020-03-10 02:00:00,5,0,0
Bulgaria,Bulgaria,2020-03-08 13:00:00,4,0,0
Senegal,Senegal,2020-03-08 21:00:00,4,0,1
Afghanistan,Afghanistan,2020-03-10 02:00:00,4,0,0
North Macedonia,North Macedonia,2020-03-10 02:00:00,4,0,0
Bosnia and Herzegovina,Bosnia and Herzegovina,2020-03-08 13:00:00,3,0,0
Bangladesh,Bangladesh,2020-03-08 13:00:00,3,0,0
Malta,Malta,2020-03-07 20:00:00,3,0,0
Morocco,Morocco,2020-03-06 14:00:00,2,0,0
Cameroon,Cameroon,2020-03-08 13:00:00,2,0,0
Cambodia,Cambodia,2020-03-08 05:00:00,2,0,1
Nepal,Nepal,2020-02-12 14:43:03,1,0,1
Sri Lanka,Sri Lanka,2020-02-08 03:43:03,1,0,1
Nigeria,Nigeria,2020-03-10 02:00:00,2,0,0
Lithuania,Lithuania,2020-02-28 11:00:00,1,0,0
Monaco,Monaco,2020-02-28 23:30:00,1,0,0
Armenia,Armenia,2020-03-01 19:00:00,1,0,0
Andorra,Andorra,2020-03-02 12:00:00,1,0,0
Jordan,Jordan,2020-03-02 13:22:00,1,0,0
Ukraine,Ukraine,2020-03-03 10:00:00,1,0,0
Liechtenstein,Liechtenstein,2020-03-03 22:00:00,1,0,0
Serbia,Serbia,2020-03-06 11:00:00,1,0,0
Bhutan,Bhutan,2020-03-06 11:00:00,1,0,0
Togo,Togo,2020-03-06 16:30:00,1,0,0
Vatican City,Vatican City,2020-03-06 16:30:00,1,0,0
Colombia,Colombia,2020-03-06 22:00:00,1,0,0
Paraguay,Paraguay,2020-03-07 23:00:00,1,0,0
Moldova,Moldova,2020-03-07 23:00:00,1,0,0
Albania,Albania,2020-03-09 01:00:00,2,0,0
Cyprus,Cyprus,2020-03-09 20:00:00,2,0,0
Brunei,Brunei,2020-03-09 20:00:00,1,0,0
Panama,Panama,2020-03-10 02:00:00,1,0,0
Mongolia,Mongolia,2020-03-10 02:00:00,1,0,0
Burkina Faso,Burkina Faso,2020-03-10 01:00:00,2,0,0
Martinique,Martinique,2020-03-07 04:00:00,2,0,0
French Guiana,French Guiana,2020-03-07 04:00:00,5,0,0
Diamond Princess,USA,2020-03-02 17:00:00,46,0,0
Wuhan Evacuee,USA,2020-03-02 17:00:00,3,0,0
Grand Princess,USA,2020-03-07 01:00:00,21,0,0
Washington,USA,2020-03-10 02:00:00,167,22,1
New York,USA,2020-03-10 02:00:00,143,0,0
California,USA,2020-03-10 03:45:00,143,2,2
Massachusetts,USA,2020-03-10 02:00:00,41,0,1
Georgia,USA,2020-03-10 03:45:00,17,0,0
Oregon,USA,2020-03-08 21:00:00,14,0,0
Florida,USA,2020-03-10 02:00:00,14,2,0
Texas,USA,2020-03-10 03:45:00,13,0,0
Colorado,USA,2020-03-10 02:00:00,12,0,0
Illinois,USA,2020-03-10 02:00:00,11,0,2
New Jersey,USA,2020-03-09 19:00:00,11,0,0
Pennsylvania,USA,2020-03-10 02:00:00,10,0,0
Iowa,USA,2020-03-10 02:00:00,8,0,0
North Carolina,USA,2020-03-10 02:00:00,7,0,0
South Carolina,USA,2020-03-10 02:00:00,7,0,0
Virginia,USA,2020-03-10 03:45:00,7,0,0
Arizona,USA,2020-03-07 18:30:00,6,0,1
Maryland,USA,2020-03-10 02:00:00,6,0,0
Kentucky,USA,2020-03-10 02:00:00,6,0,0
Indiana,USA,2020-03-10 03:45:00,5,0,0
District of Columbia,USA,2020-03-10 03:45:00,5,0,0
New Hampshire,USA,2020-03-07 12:00:00,4,0,0
Nevada,USA,2020-03-08 22:30:00,4,0,0
Tennessee,USA,2020-03-08 23:30:00,4,0,0
Rhode Island,USA,2020-03-07 03:00:00,3,0,0
Nebraska,USA,2020-03-09 01:00:00,3,0,0
Ohio,USA,2020-03-09 19:00:00,3,0,0
Minnesota,USA,2020-03-09 01:00:00,2,0,0
Hawaii,USA,2020-03-09 11:30:00,2,0,0
Connecticut,USA,2020-03-10 02:00:00,2,0,0
Wisconsin,USA,2020-02-05 21:53:00,2,0,1
Oklahoma,USA,2020-03-07 01:00:00,1,0,0
Utah,USA,2020-03-07 03:00:00,1,0,0
Kansas,USA,2020-03-08 01:00:00,1,0,0
Missouri,USA,2020-03-08 02:30:00,1,0,0
Vermont,USA,2020-03-08 13:00:00,1,0,0
Louisiana,USA,2020-03-09 18:30:00,1,0,0
