name,Region,Last Update,Confirmed,Deaths,Recovered
Hubei,Mainland China,2020-03-18 02:00:00,67800,3122,56883
Guangdong,Mainland China,2020-03-18 02:00:00,1369,8,1312
Henan,Mainland China,2020-03-17 02:00:00,1273,22,1250
Zhejiang,Mainland China,2020-03-17 02:00:00,1232,1,1216
Hunan,Mainland China,2020-03-14 09:00:00,1018,4,1014
Anhui,Mainland China,2020-03-09 01:00:00,990,6,984
Jiangxi,Mainland China,2020-03-13 02:00:00,935,1,934
Shandong,Mainland China,2020-03-17 02:00:00,761,7,746
Jiangsu,Mainland China,2020-03-15 02:00:00,631,0,631
Chongqing,Mainland China,2020-03-16 02:00:00,576,6,570
Sichuan,Mainland China,2020-03-18 03:00:00,540,3,525
Heilongjiang,Mainland China,2020-03-18 01:00:00,482,13,459
Beijing,Mainland China,2020-03-18 02:00:00,458,8,373
Shanghai,Mainland China,2020-03-18 01:00:00,361,3,325
Hebei,Mainland China,2020-03-13 02:00:00,318,6,310
Fujian,Mainland China,2020-03-09 01:00:00,296,1,295
Guangxi,Mainland China,2020-03-18 01:00:00,253,2,250
Shaanxi,Mainland China,2020-03-17 11:00:00,246,3,236
Yunnan,Mainland China,2020-03-17 02:00:00,176,2,172
Hainan,Mainland China,2020-03-17 02:00:00,168,6,161
Hong Kong,Hong Kong,2020-03-18 02:00:00,167,4,92
Guizhou,Mainland China,2020-03-17 02:00:00,146,2,144
Tianjin,Mainland China,2020-03-17 02:00:00,136,3,133
Shanxi,Mainland China,2020-03-15 02:00:00,133,0,133
Gansu,Mainland China,2020-03-17 02:00:00,133,2,91
Liaoning,Mainland China,2020-03-18 03:00:00,125,1,122
Jilin,Mainland China,2020-03-16 02:00:00,93,1,92
Xinjiang Uygur,Mainland China,2020-03-09 01:00:00,76,3,73
Nei Mongol,Mainland China,2020-03-17 02:00:00,75,1,73
Ningxia,Mainland China,2020-03-17 02:00:00,75,0,75
Taiwan,Taiwan,2020-03-17 09:00:00,77,1,22
Qinghai,Mainland China,2020-03-07 01:00:00,18,0,18
Macau,Macau,2020-03-18 02:00:00,13,0,10
Xizang,Mainland China,2020-02-12 07:00:00,1,0,1
Benin,Benin,2020-03-18 01:00:00,1,0,0
Barbados,Barbados,2020-03-17 17:00:00,2,0,0
Central African Republic,Central African Republic,2020-03-16 04:00:00,1,0,0
Republic of the Congo,Republic of the Congo,2020-03-16 15:00:00,1,0,0
Equatorial Guinea,Equatorial Guinea,2020-03-15 07:00:00,1,0,0
Liberia,Liberia,2020-03-17 13:00:00,1,0,0
Montenegro,Montenegro,2020-03-17 22:00:00,2,0,0
Mayotte,Mayotte,2020-03-18 03:00:00,3,0,0
Somalia,Somalia,2020-03-18 01:00:00,1,0,0
Kosovo,Kosovo,2020-03-15 19:00:00,2,0,0
Tanzania,Tanzania,2020-03-17 02:00:00,1,0,0
Italy,Italy,2020-03-17 19:00:00,31506,2503,2941
Iran,Iran,2020-03-17 17:00:00,16169,988,5389
Spain,Spain,2020-03-18 03:00:00,11826,533,1028
Germany,Germany,2020-03-17 23:00:00,9257,24,67
South Korea,South Korea,2020-03-18 03:00:00,8413,84,1540
France,France,2020-03-18 03:00:00,7695,148,12
Switzerland,Switzerland,2020-03-18 03:00:00,2700,27,15
Netherlands,Netherlands,2020-03-18 01:00:00,1710,43,2
United Kingdom,United Kingdom,2020-03-18 03:00:00,1960,72,66
Norway,Norway,2020-03-18 03:00:00,1471,3,1
Austria,Austria,2020-03-17 23:00:00,1332,3,1
Belgium,Belgium,2020-03-17 17:00:00,1243,10,1
Sweden,Sweden,2020-03-18 03:00:00,1196,8,1
Denmark,Denmark,2020-03-17 17:00:00,1024,4,1
Japan,Japan,2020-03-17 23:00:00,880,28,171
Others,Japan (Diamond Princess),2020-03-03 03:00:00,706,6,10
Malaysia,Malaysia,2020-03-17 17:00:00,673,2,49
Australia,Australia,2020-03-17 18:00:00,452,5,23
Portugal,Portugal,2020-03-17 17:00:00,448,1,3
Qatar,Qatar,2020-03-18 03:00:00,442,0,4
Canada,Canada,2020-03-18 00:00:00,598,8,10
Czech Republic,Czech Republic,2020-03-17 17:00:00,396,0,3
Greece,Greece,2020-03-17 17:00:00,387,5,8
Israel,Israel,2020-03-17 23:00:00,337,0,11
Finland,Finland,2020-03-17 17:00:00,321,0,10
Slovenia,Slovenia,2020-03-17 17:00:00,275,1,0
Singapore,Singapore,2020-03-17 17:00:00,266,0,114
Brazil,Brazil,2020-03-17 17:00:00,291,1,2
Poland,Poland,2020-03-17 23:00:00,238,5,13
Pakistan,Pakistan,2020-03-18 03:00:00,237,0,2
Bahrain,Bahrain,2020-03-17 03:00:00,228,1,81
Estonia,Estonia,2020-03-17 12:00:00,225,0,1
Ireland,Ireland,2020-03-17 03:00:00,223,2,5
Iceland,Iceland,2020-03-17 17:00:00,220,1,0
Chile,Chile,2020-03-17 16:00:00,201,0,0
Egypt,Egypt,2020-03-17 23:00:00,196,4,32
Philippines,Philippines,2020-03-17 12:00:00,187,12,5
Romania,Romania,2020-03-18 03:00:00,217,0,19
Thailand,Thailand,2020-03-17 12:00:00,177,1,41
Indonesia,Indonesia,2020-03-17 12:00:00,172,5,8
Saudi Arabia,Saudi Arabia,2020-03-17 23:00:00,171,0,6
Iraq,Iraq,2020-03-17 17:00:00,154,11,32
India,India,2020-03-17 17:00:00,137,3,13
Luxembourg,Luxembourg,2020-03-17 17:00:00,140,1,0
Kuwait,Kuwait,2020-03-17 12:00:00,130,0,9
Lebanon,Lebanon,2020-03-17 12:00:00,120,3,3
Peru,Peru,2020-03-17 23:00:00,117,0,1
Russia,Russia,2020-03-17 23:00:00,114,0,8
San Marino,San Marino,2020-03-18 03:00:00,119,11,4
United Arab Emirates,United Arab Emirates,2020-03-18 03:00:00,113,0,26
Mexico,Mexico,2020-03-17 12:00:00,82,0,4
Armenia,Armenia,2020-03-17 18:00:00,78,0,1
Slovakia,Slovakia,2020-03-18 03:00:00,97,0,0
Panama,Panama,2020-03-17 12:00:00,69,1,0
Argentina,Argentina,2020-03-17 18:00:00,68,2,3
Bulgaria,Bulgaria,2020-03-17 12:00:00,67,2,0
Vietnam,Vietnam,2020-03-17 16:00:00,66,0,16
Colombia,Colombia,2020-03-17 23:00:00,65,0,1
Serbia,Serbia,2020-03-18 03:00:00,72,0,1
Croatia,Croatia,2020-03-17 12:00:00,65,0,4
South Africa,South Africa,2020-03-18 03:00:00,85,0,0
Algeria,Algeria,2020-03-17 03:00:00,60,4,12
Ecuador,Ecuador,2020-03-17 05:00:00,58,2,0
Brunei,Brunei,2020-03-17 16:00:00,56,0,0
Albania,Albania,2020-03-17 16:00:00,55,1,0
Hungary,Hungary,2020-03-17 13:00:00,50,1,2
Latvia,Latvia,2020-03-17 13:00:00,49,0,1
Turkey,Turkey,2020-03-18 03:00:00,98,1,0
Cyprus,Cyprus,2020-03-17 03:00:00,46,0,0
Sri Lanka,Sri Lanka,2020-03-17 16:00:00,44,0,1
Costa Rica,Costa Rica,2020-03-17 02:00:00,41,0,0
Andorra,Andorra,2020-03-02 22:00:00,39,0,1
Morocco,Morocco,2020-03-18 03:00:00,44,2,1
Malta,Malta,2020-03-17 16:00:00,38,0,2
Belarus,Belarus,2020-03-16 16:00:00,36,0,3
Georgia (country),Georgia,2020-03-17 12:00:00,34,0,1
Jordan,Jordan,2020-03-17 16:00:00,34,0,1
Kazakhstan,Kazakhstan,2020-03-17 16:00:00,33,0,0
Venezuela,Venezuela,2020-03-17 12:00:00,33,0,0
Cambodia,Cambodia,2020-03-17 16:00:00,33,0,1
Palestine,Palestine,2020-03-13 13:00:00,31,0,0
Moldova,Moldova,2020-03-17 16:00:00,30,0,1
Uruguay,Uruguay,2020-03-17 03:00:00,29,0,0
Azerbaijan,Azerbaijan,2020-03-17 13:00:00,28,1,6
Senegal,Senegal,2020-03-17 14:00:00,26,0,2
North Macedonia,North Macedonia,2020-03-18 03:00:00,31,0,1
Bosnia and Herzegovina,Bosnia and Herzegovina,2020-03-17 18:00:00,26,0,2
Lithuania,Lithuania,2020-03-17 19:00:00,25,0,1
Oman,Oman,2020-03-18 03:00:00,24,0,12
Tunisia,Tunisia,2020-03-17 12:00:00,24,0,0
Afghanistan,Afghanistan,2020-03-17 12:00:00,22,0,1
Dominican Republic,Dominican Republic,2020-03-17 10:00:00,21,0,0
Guadeloupe,Guadeloupe,2020-03-17 12:00:00,18,0,0
Martinique,Martinique,2020-03-17 16:00:00,16,1,0
Burkina Faso,Burkina Faso,2020-03-16 16:00:00,15,0,0
Ukraine,Ukraine,2020-03-17 15:00:00,14,2,0
Maldives,Maldives,2020-03-16 02:00:00,13,0,0
New Zealand,New Zealand,2020-03-18 03:00:00,20,0,0
Jamaica,Jamaica,2020-03-17 14:00:00,12,0,2
French Guiana,French Guiana,2020-03-16 16:00:00,11,0,0
Bolivia,Bolivia,2020-03-16 16:00:00,11,0,0
Bangladesh,Bangladesh,2020-03-17 13:00:00,10,0,3
Cameroon,Cameroon,2020-03-17 16:00:00,10,0,0
Uzbekistan,Uzbekistan,2020-03-18 03:00:00,11,0,0
Reunion,Reunion,2020-03-16 16:00:00,9,0,0
French Polynesia,French Polynesia,2020-03-14 17:00:00,3,0,0
Paraguay,Paraguay,2020-03-17 13:00:00,9,0,0
Cuba,Cuba,2020-03-17 16:00:00,5,0,0
Liechtenstein,Liechtenstein,2020-03-17 13:00:00,7,0,0
Ghana,Ghana,2020-03-17 20:00:00,7,0,0
Aruba,Aruba,2020-03-17 13:00:00,3,0,0
Monaco,Monaco,2020-03-16 15:00:00,7,0,0
Jersey,Jersey,2020-03-14 18:00:00,2,0,0
Nigeria,Nigeria,2020-03-17 13:00:00,3,0,0
Namibia,Namibia,2020-03-14 14:00:00,2,0,0
Seychelles,Seychelles,2020-03-17 13:00:00,4,0,0
Democratic Republic of the Congo,Democratic Republic of the Congo,2020-03-17 13:00:00,3,0,0
Trinidad and Tobago,Trinidad and Tobago,2020-03-17 16:00:00,5,0,0
Honduras,Honduras,2020-03-17 13:00:00,8,0,0
Ethiopia,Ethiopia,2020-03-16 15:00:00,5,0,0
Guatemala,Guatemala,2020-03-17 13:00:00,6,1,0
Gabon,Gabon,2020-03-13 12:00:00,1,0,0
Saint Vincent and the Grenadines,Saint Vincent and the Grenadines,2020-03-14 14:00:00,1,0,0
Kenya,Kenya,2020-03-16 01:00:00,3,0,0
Saint Lucia,Saint Lucia,2020-03-17 05:00:00,2,0,0
Mongolia,Mongolia,2020-03-17 16:00:00,5,0,0
Rwanda,Rwanda,2020-03-17 03:00:00,7,0,0
Togo,Togo,2020-03-06 16:30:00,1,0,0
Guinea,Guinea,2020-03-13 17:00:00,1,0,0
Guernsey,Guernsey,2020-03-13 14:00:00,1,0,0
Antigua and Barbuda,Antigua and Barbuda,2020-03-13 23:00:00,1,0,0
Curacao,Curacao,2020-03-14 14:00:00,1,0,0
Bhutan,Bhutan,2020-03-06 11:00:00,1,0,0
Sudan,Sudan,2020-03-13 17:00:00,1,1,0
Nepal,Nepal,2020-02-12 14:43:03,1,0,1
Suriname,Suriname,2020-03-14 16:33:03,1,0,0
Cayman Islands,Cayman Islands,2020-03-13 12:00:00,1,0,0
Cote d'Ivoire,Cote d'Ivoire,2020-03-17 15:00:00,5,0,1
Mauritania,Mauritania,2020-03-14 13:00:00,1,0,0
Guyana,Guyana,2020-03-17 11:00:00,7,1,0
Vatican City,Vatican City,2020-03-06 16:30:00,1,0,0
Greenland,Greenland,2020-03-16 18:00:00,1,0,0
New York,USA,2020-03-18 03:00:00,1708,16,0
Washington,USA,2020-03-18 03:00:00,1014,55,1
California,USA,2020-03-18 03:00:00,718,13,6
New Jersey,USA,2020-03-18 03:00:00,267,3,1
Massachusetts,USA,2020-03-18 03:00:00,218,0,1
Florida,USA,2020-03-18 03:00:00,217,7,0
Louisiana,USA,2020-03-18 03:00:00,196,4,0
Colorado,USA,2020-03-18 03:00:00,184,2,0
Illinois,USA,2020-03-18 03:00:00,161,1,2
Georgia,USA,2020-03-18 03:00:00,146,1,0
Texas,USA,2020-03-18 03:00:00,132,2,0
Pennsylvania,USA,2020-03-18 03:00:00,115,0,0
Wisconsin,USA,2020-03-18 03:00:00,90,0,1
Tennessee,USA,2020-03-18 03:00:00,78,0,0
Connecticut,USA,2020-03-18 03:00:00,68,0,0
Oregon,USA,2020-03-18 03:00:00,68,2,0
Ohio,USA,2020-03-18 03:00:00,67,0,0
Virginia,USA,2020-03-18 03:00:00,67,2,0
North Carolina,USA,2020-03-18 03:00:00,66,0,0
Michigan,USA,2020-03-18 03:00:00,65,0,0
Minnesota,USA,2020-03-18 03:00:00,60,0,0
Maryland,USA,2020-03-18 03:00:00,60,0,3
Nevada,USA,2020-03-18 03:00:00,56,1,0
Utah,USA,2020-03-18 03:00:00,51,0,0
Diamond Princess,USA,2020-03-18 03:00:00,47,0,0
South Carolina,USA,2020-03-18 03:00:00,47,1,0
Alabama,USA,2020-03-18 03:00:00,39,0,0
Maine,USA,2020-03-18 03:00:00,32,0,0
District of Columbia,USA,2020-03-18 03:00:00,31,0,0
Indiana,USA,2020-03-18 03:00:00,30,2,0
Iowa,USA,2020-03-18 03:00:00,29,0,0
Kentucky,USA,2020-03-18 03:00:00,27,1,1
New Hampshire,USA,2020-03-18 03:00:00,26,0,0
Nebraska,USA,2020-03-18 03:00:00,24,0,0
New Mexico,USA,2020-03-18 03:00:00,23,0,0
Rhode Island,USA,2020-03-18 03:00:00,23,0,0
Arkansas,USA,2020-03-18 03:00:00,22,0,0
Mississippi,USA,2020-03-18 03:00:00,21,0,0
Arizona,USA,2020-03-18 03:00:00,21,0,1
Grand Princess,USA,2020-03-18 03:00:00,21,0,0
Oklahoma,USA,2020-03-18 03:00:00,19,0,0
Kansas,USA,2020-03-18 03:00:00,18,1,0
Vermont,USA,2020-03-18 03:00:00,17,0,0
Delaware,USA,2020-03-18 03:00:00,16,0,0
Missouri,USA,2020-03-18 03:00:00,16,0,0
Wyoming,USA,2020-03-18 03:00:00,15,0,0
Hawaii,USA,2020-03-18 03:00:00,14,0,0
South Dakota,USA,2020-03-18 03:00:00,11,1,0
Montana,USA,2020-03-18 03:00:00,10,0,0
Idaho,USA,2020-03-18 03:00:00,9,0,0
Alaska,USA,2020-03-18 03:00:00,6,0,0
Guam,USA,2020-03-18 03:00:00,5,0,0
Puerto Rico,USA,2020-03-18 03:00:00,5,0,0
North Dakota,USA,2020-03-18 03:00:00,5,0,0
Wuhan Evacuee,USA,2020-03-18 03:00:00,3,0,0
United States Virgin Islands,USA,2020-03-18 03:00:00,2,0,0
West Virginia,USA,2020-03-18 03:00:00,1,0,0
