name,Region,Last Update,Confirmed,Deaths,Recovered
Hubei,Mainland China,5/11/20,68134,4512,63616
Guangdong,Mainland China,5/11/20,1589,8,1578
Henan,Mainland China,5/11/20,1276,22,1254
Zhejiang,Mainland China,5/11/20,1268,1,1267
Hong Kong,Hong Kong,5/11/20,1047,4,985
Hunan,Mainland China,5/11/20,1019,4,1015
Anhui,Mainland China,5/11/20,991,6,985
Jiangxi,Mainland China,5/11/20,937,1,936
Heilongjiang,Mainland China,5/11/20,945,13,924
Shandong,Mainland China,5/11/20,788,7,777
Jiangsu,Mainland China,5/11/20,653,0,653
Chongqing,Mainland China,5/11/20,579,6,573
Beijing,Mainland China,5/11/20,593,9,571
Shanghai,Mainland China,5/11/20,659,7,627
Sichuan,Mainland China,5/11/20,561,3,558
Taiwan,Taiwan,5/11/20,440,7,368
Fujian,Mainland China,5/11/20,356,1,354
Hebei,Mainland China,5/11/20,328,6,321
Shaanxi,Mainland China,5/11/20,308,3,296
Guangxi,Mainland China,5/11/20,254,2,252
Nei Mongol,Mainland China,5/11/20,209,1,188
Shanxi,Mainland China,5/11/20,198,0,197
Tianjin,Mainland China,5/11/20,191,3,186
Yunnan,Mainland China,5/11/20,185,2,183
Hainan,Mainland China,5/11/20,168,6,162
Guizhou,Mainland China,5/11/20,147,2,145
Liaoning,Mainland China,5/11/20,147,2,144
Gansu,Mainland China,5/11/20,139,2,137
Jilin,Mainland China,5/11/20,127,1,105
Xinjiang Uygur,Mainland China,5/11/20,76,3,73
Ningxia,Mainland China,5/11/20,75,0,75
Macau,Macau,5/11/20,45,0,42
Qinghai,Mainland China,5/11/20,18,0,18
Xizang,Mainland China,5/11/20,1,0,1
Comoros,Comoros,5/11/20,11,1,0
Tajikistan,Tajikistan,5/11/20,661,21,0
Yemen,Yemen,5/11/20,56,9,1
Sao Tome and Principe,Sao Tome and Principe,5/11/20,208,5,4
Saint Pierre and Miquelon,Saint Pierre and Miquelon,5/11/20,1,0,1
South Sudan,South Sudan,5/11/20,156,0,2
Falkland Islands (Islas Malvinas),Falkland Islands (Islas Malvinas),5/11/20,2,0,0
Malawi,Malawi,5/11/20,57,3,24
Burundi,Burundi,5/11/20,15,1,7
Sierra Leone,Sierra Leone,5/11/20,338,19,72
Botswana,Botswana,5/11/20,24,1,12
Anguilla,Anguilla,5/11/20,3,0,3
Saint Barthelemy,Saint Barthelemy,5/11/20,6,0,6
Bermuda,Bermuda,5/11/20,119,8,66
Faroe Islands,Faroe Islands,5/11/20,187,0,187
Gibraltar,Gibraltar,5/11/20,147,0,143
Isle of Man,Isle of Man,5/11/20,330,23,271
Saint Martin,Saint Martin,5/11/20,39,3,30
Montserrat,Montserrat,5/11/20,11,1,8
Mayotte,Mayotte,5/11/20,1023,11,492
New Caledonia,New Caledonia,5/11/20,18,0,18
Sint Maarten,Sint Maarten,5/11/20,76,15,46
Turks and Caicos Islands,Turks and Caicos Islands,5/11/20,12,1,8
Republic of the Congo,Republic of the Congo,5/11/20,333,11,53
Angola,Angola,5/11/20,45,2,13
Benin,Benin,5/11/20,319,2,62
Bahamas,Bahamas,5/11/20,93,11,39
Belize,Belize,5/11/20,18,2,16
Barbados,Barbados,5/11/20,84,7,57
Central African Republic,Central African Republic,5/11/20,143,0,10
Cabo Verde,Cabo Verde,5/11/20,260,2,58
Djibouti,Djibouti,5/11/20,1227,3,872
Dominica,Dominica,5/11/20,16,0,15
Eritrea,Eritrea,5/11/20,39,0,38
Fiji,Fiji,5/11/20,18,0,14
Gambia,Gambia,5/11/20,22,1,10
Guinea-Bissau,Guinea-Bissau,5/11/20,761,3,26
Equatorial Guinea,Equatorial Guinea,5/11/20,439,4,13
Grenada,Grenada,5/11/20,21,0,13
Haiti,Haiti,5/11/20,209,16,17
Kyrgyzstan,Kyrgyzstan,5/11/20,1016,12,688
Saint Kitts and Nevis,Saint Kitts and Nevis,5/11/20,15,0,14
Laos,Laos,5/11/20,19,0,13
Liberia,Liberia,5/11/20,211,20,85
Libya,Libya,5/11/20,64,3,28
Madagascar,Madagascar,5/11/20,193,0,101
Mali,Mali,5/11/20,712,39,377
Montenegro,Montenegro,5/11/20,324,9,294
Mozambique,Mozambique,5/11/20,103,0,34
Mauritius,Mauritius,5/11/20,334,9,302
Niger,Niger,5/11/20,832,46,637
Nicaragua,Nicaragua,5/11/20,16,5,7
Papua New Guinea,Papua New Guinea,5/11/20,8,0,8
El Salvador,El Salvador,5/11/20,958,18,325
Somalia,Somalia,5/11/20,1089,52,121
Kosovo,Kosovo,5/11/20,884,28,655
Syria,Syria,5/11/20,47,3,29
Chad,Chad,5/11/20,322,31,53
Timor-Leste,Timor-Leste,5/11/20,24,0,21
Tanzania,Tanzania,5/11/20,509,21,183
Uganda,Uganda,5/11/20,121,0,55
Zambia,Zambia,5/11/20,267,7,117
Zimbabwe,Zimbabwe,5/11/20,40,4,5
Spain,Spain,5/11/20,268143,26744,177846
United Kingdom,United Kingdom,5/11/20,224326,32140,1002
Russia,Russia,5/11/20,221344,2009,39801
France,France,5/11/20,177547,26646,56835
Turkey,Turkey,5/11/20,139771,3841,95780
Iran,Iran,5/11/20,109286,6685,87422
Netherlands,Netherlands,5/11/20,42987,5475,6
Switzerland,Switzerland,5/11/20,30344,1845,26800
Portugal,Portugal,5/11/20,27679,1144,2549
Ecuador,Ecuador,5/11/20,29509,2145,3433
Saudi Arabia,Saudi Arabia,5/11/20,41014,255,12737
Sweden,Sweden,5/11/20,26670,3256,4971
Ireland,Ireland,5/11/20,23135,1467,17110
Mexico,Mexico,5/11/20,36327,3573,23100
Pakistan,Pakistan,5/11/20,30941,667,8212
Singapore,Singapore,5/11/20,23822,21,3225
Israel,Israel,5/11/20,16506,258,11843
Japan,Japan,5/11/20,15847,633,8293
Belarus,Belarus,5/11/20,23906,135,6531
Norway,Norway,5/11/20,8132,224,32
Australia,Australia,5/11/20,6970,97,6213
Denmark,Denmark,5/11/20,10513,527,8328
Malaysia,Malaysia,5/11/20,6726,109,5113
Czech Republic,Czech Republic,5/11/20,8176,282,4711
Luxembourg,Luxembourg,5/11/20,3888,101,3602
Thailand,Thailand,5/11/20,3015,56,2796
Finland,Finland,5/11/20,5984,271,4000
Others,Japan (Diamond Princess),5/11/20,706,6,10
Poland,Poland,5/11/20,16326,811,5816
Iceland,Iceland,5/11/20,1801,10,1773
Indonesia,Indonesia,5/11/20,14265,991,2881
Romania,Romania,5/11/20,15588,982,7245
Qatar,Qatar,5/11/20,23623,14,2840
Philippines,Philippines,5/11/20,11086,726,1999
Slovenia,Slovenia,5/11/20,1460,102,256
South Africa,South Africa,5/11/20,10652,206,4357
Estonia,Estonia,5/11/20,1741,61,751
Bahrain,Bahrain,5/11/20,5236,8,2152
Egypt,Egypt,5/11/20,9746,533,2172
Croatia,Croatia,5/11/20,2196,91,1784
Panama,Panama,5/11/20,8616,249,4687
Lebanon,Lebanon,5/11/20,859,26,234
Iraq,Iraq,5/11/20,2818,110,1790
Serbia,Serbia,5/11/20,10176,218,3290
Dominican Republic,Dominican Republic,5/11/20,10634,393,2870
Algeria,Algeria,5/11/20,5891,507,2841
Armenia,Armenia,5/11/20,3392,46,1359
Kuwait,Kuwait,5/11/20,9286,65,2907
Bulgaria,Bulgaria,5/11/20,1990,93,461
Slovakia,Slovakia,5/11/20,1457,26,959
San Marino,San Marino,5/11/20,637,41,126
United Arab Emirates,United Arab Emirates,5/11/20,18878,201,5381
Latvia,Latvia,5/11/20,946,18,464
Uruguay,Uruguay,5/11/20,711,19,523
Hungary,Hungary,5/11/20,3284,421,958
Lithuania,Lithuania,5/11/20,1485,50,833
Costa Rica,Costa Rica,5/11/20,801,7,517
North Macedonia,North Macedonia,5/11/20,1664,91,1200
Vietnam,Vietnam,5/11/20,288,0,249
Andorra,Andorra,5/11/20,755,48,550
Morocco,Morocco,5/11/20,6281,188,2811
Jordan,Jordan,5/11/20,562,9,390
Cyprus,Cyprus,5/11/20,901,16,401
Moldova,Moldova,5/11/20,4995,175,1980
Bosnia and Herzegovina,Bosnia and Herzegovina,5/11/20,2141,113,1114
Malta,Malta,5/11/20,503,5,434
Albania,Albania,5/11/20,872,31,654
Brunei,Brunei,5/11/20,141,1,134
Cambodia,Cambodia,5/11/20,122,0,120
Sri Lanka,Sri Lanka,5/11/20,863,9,343
Tunisia,Tunisia,5/11/20,1032,45,727
Burkina Faso,Burkina Faso,5/11/20,760,50,584
Venezuela,Venezuela,5/11/20,422,10,205
New Zealand,New Zealand,5/11/20,1497,21,1398
Azerbaijan,Azerbaijan,5/11/20,2589,32,1680
Kazakhstan,Kazakhstan,5/11/20,5207,32,2074
Senegal,Senegal,5/11/20,1886,19,715
Guadeloupe,Guadeloupe,5/11/20,154,13,104
Oman,Oman,5/11/20,3573,17,1250
Georgia (country),Georgia,5/11/20,638,11,317
Trinidad and Tobago,Trinidad and Tobago,5/11/20,116,8,107
Ukraine,Ukraine,5/11/20,15648,408,3288
Reunion,Reunion,5/11/20,436,0,354
Uzbekistan,Uzbekistan,5/11/20,2486,10,1988
Cameroon,Cameroon,5/11/20,2689,125,1524
Martinique,Martinique,5/11/20,187,14,83
Liechtenstein,Liechtenstein,5/11/20,82,1,55
Afghanistan,Afghanistan,5/11/20,4687,122,558
Palestine,Palestine,5/11/20,375,2,301
Democratic Republic of the Congo,Democratic Republic of the Congo,5/11/20,1024,41,141
Bangladesh,Bangladesh,5/11/20,15691,239,2902
Nigeria,Nigeria,5/11/20,4641,150,902
Honduras,Honduras,5/11/20,1972,108,203
Bolivia,Bolivia,5/11/20,2831,122,299
Paraguay,Paraguay,5/11/20,724,10,170
Cuba,Cuba,5/11/20,1783,77,1229
Ghana,Ghana,5/11/20,4700,22,494
French Guiana,French Guiana,5/11/20,144,1,122
Rwanda,Rwanda,5/11/20,285,0,150
Guatemala,Guatemala,5/11/20,1114,26,111
Jamaica,Jamaica,5/11/20,505,9,90
Togo,Togo,5/11/20,181,11,89
Kenya,Kenya,5/11/20,700,33,251
Cote d'Ivoire,Cote d'Ivoire,5/11/20,1730,21,818
Maldives,Maldives,5/11/20,897,3,29
Monaco,Monaco,5/11/20,96,4,85
Ethiopia,Ethiopia,5/11/20,250,5,105
Mongolia,Mongolia,5/11/20,42,0,14
Guyana,Guyana,5/11/20,109,10,36
Seychelles,Seychelles,5/11/20,11,0,10
Suriname,Suriname,5/11/20,10,1,9
Gabon,Gabon,5/11/20,802,9,127
French Polynesia,French Polynesia,5/11/20,60,0,56
Namibia,Namibia,5/11/20,16,0,11
Bhutan,Bhutan,5/11/20,9,0,5
Saint Lucia,Saint Lucia,5/11/20,18,0,17
Sudan,Sudan,5/11/20,1526,74,161
Nepal,Nepal,5/11/20,134,0,33
Guinea,Guinea,5/11/20,2146,11,714
Aruba,Aruba,5/11/20,101,3,89
Jersey,Jersey,5/11/20,2,0,0
Mauritania,Mauritania,5/11/20,8,1,6
Antigua and Barbuda,Antigua and Barbuda,5/11/20,25,3,19
Saint Vincent and the Grenadines,Saint Vincent and the Grenadines,5/11/20,17,0,9
Curacao,Curacao,5/11/20,16,1,14
Greenland,Greenland,5/11/20,11,0,11
Guernsey,Guernsey,5/11/20,1,0,0
Vatican City,Vatican City,5/11/20,12,0,2
Cayman Islands,Cayman Islands,5/11/20,84,1,47
India,India,5/11/20,70768,2294,22549
Canada,Canada,5/11/20,69981,4993,28171
Italy,Italy,5/11/20,219814,30739,106587
South Korea,South Korea,5/11/20,10909,256,9632
Austria,Austria,5/11/20,15874,620,14061
Belgium,Belgium,5/11/20,53449,8707,13697
Greece,Greece,5/11/20,2726,152,1442
Chile,Chile,5/11/20,30063,323,13605
Peru,Peru,5/11/20,68822,1961,22406
Argentina,Argentina,5/11/20,6278,314,1837
Brazil,Brazil,5/11/20,168331,11519,67384
Colombia,Colombia,5/11/20,11613,479,2825
Germany,Germany,5/11/20,173277,7760,145600
New York,USA,5/11/20,343265,26863,36980
New Jersey,USA,5/11/20,140206,9340,3214
Illinois,USA,5/11/20,79007,3459,1518
Massachusetts,USA,5/11/20,78462,5108,10609
California,USA,5/11/20,69347,2779,8219
Pennsylvania,USA,5/11/20,60459,3832,1120
Michigan,USA,5/11/20,47552,4584,22686
Florida,USA,5/11/20,40982,1735,371
Texas,USA,5/11/20,40590,1118,21713
Georgia,USA,5/11/20,34002,1444,340
Connecticut,USA,5/11/20,33765,3008,63
Maryland,USA,5/11/20,33373,1683,2298
Louisiana,USA,5/11/20,31815,2308,22608
Virginia,USA,5/11/20,25070,850,3273
Ohio,USA,5/11/20,24777,1357,3168
Indiana,USA,5/11/20,24627,1540,1691
Colorado,USA,5/11/20,19900,987,695
Washington,USA,5/11/20,17783,951,2319
Tennessee,USA,5/11/20,15544,251,8043
North Carolina,USA,5/11/20,15274,576,2426
Iowa,USA,5/11/20,12373,271,5249
Minnesota,USA,5/11/20,11799,591,7536
Rhode Island,USA,5/11/20,11450,430,841
Arizona,USA,5/11/20,11383,542,6
Veteran Affair,USA,5/11/20,11237,872,0
Wisconsin,USA,5/11/20,10418,409,5176
Alabama,USA,5/11/20,10164,403,0
Missouri,USA,5/11/20,10157,514,2529
Mississippi,USA,5/11/20,9674,435,4421
Nebraska,USA,5/11/20,8407,98,228
US Military,USA,5/11/20,8046,27,3464
South Carolina,USA,5/11/20,7792,346,3252
Kansas,USA,5/11/20,7159,180,1670
Kentucky,USA,5/11/20,6677,311,2335
Delaware,USA,5/11/20,6565,225,2619
District of Columbia,USA,5/11/20,6389,328,881
Utah,USA,5/11/20,6362,68,1952
Nevada,USA,5/11/20,6154,312,4674
New Mexico,USA,5/11/20,5069,208,1285
Oklahoma,USA,5/11/20,4613,274,3243
Arkansas,USA,5/11/20,4043,94,3149
Federal Bureau of Prisons,USA,5/11/20,3744,49,935
South Dakota,USA,5/11/20,3614,34,2187
Oregon,USA,5/11/20,3286,130,1125
Navajo Nation,USA,5/11/20,3204,102,0
New Hampshire,USA,5/11/20,3160,133,1231
Idaho,USA,5/11/20,2260,70,1442
Puerto Rico,USA,5/11/20,2256,113,0
North Dakota,USA,5/11/20,1518,36,846
Maine,USA,5/11/20,1462,65,872
West Virginia,USA,5/11/20,1366,54,775
Vermont,USA,5/11/20,926,53,777
Wyoming,USA,5/11/20,669,7,451
Hawaii,USA,5/11/20,642,17,561
Montana,USA,5/11/20,459,16,423
Alaska,USA,5/11/20,379,10,324
Guam,USA,5/11/20,151,5,128
Grand Princess,USA,5/11/20,103,3,0
United States Virgin Islands,USA,5/11/20,69,5,60
Diamond Princess,USA,5/11/20,49,0,0
Northern Mariana Islands,USA,5/11/20,19,2,12
Wuhan Evacuee,USA,5/11/20,4,0,0