name,Region,Last Update,Confirmed,Deaths,Recovered
Hubei,Mainland China,4/28/20,68128,4512,63616
Guangdong,Mainland China,4/28/20,1588,8,1554
Henan,Mainland China,4/28/20,1276,22,1254
Zhejiang,Mainland China,4/28/20,1268,1,1258
Hong Kong,Hong Kong,4/28/20,1037,4,772
Hunan,Mainland China,4/28/20,1019,4,1015
Anhui,Mainland China,4/28/20,991,6,985
Jiangxi,Mainland China,4/28/20,937,1,936
Heilongjiang,Mainland China,4/28/20,939,13,586
Shandong,Mainland China,4/28/20,787,7,768
Jiangsu,Mainland China,4/28/20,653,0,646
Chongqing,Mainland China,4/28/20,579,6,573
Beijing,Mainland China,4/28/20,593,9,525
Shanghai,Mainland China,4/28/20,645,7,584
Sichuan,Mainland China,4/28/20,561,3,558
Taiwan,Taiwan,4/28/20,429,6,281
Fujian,Mainland China,4/28/20,355,1,349
Hebei,Mainland China,4/28/20,328,6,318
Shaanxi,Mainland China,4/28/20,306,3,253
Guangxi,Mainland China,4/28/20,254,2,252
Nei Mongol,Mainland China,4/28/20,199,1,145
Shanxi,Mainland China,4/28/20,197,0,157
Tianjin,Mainland China,4/28/20,190,3,182
Yunnan,Mainland China,4/28/20,185,2,180
Hainan,Mainland China,4/28/20,168,6,162
Guizhou,Mainland China,4/28/20,147,2,145
Liaoning,Mainland China,4/28/20,146,2,143
Gansu,Mainland China,4/28/20,139,2,137
Jilin,Mainland China,4/28/20,110,1,99
Xinjiang Uygur,Mainland China,4/28/20,76,3,73
Ningxia,Mainland China,4/28/20,75,0,75
Macau,Macau,4/28/20,45,0,31
Qinghai,Mainland China,4/28/20,18,0,18
Xizang,Mainland China,4/28/20,1,0,1
Yemen,Yemen,4/28/20,1,0,0
Sao Tome and Principe,Sao Tome and Principe,4/28/20,8,0,4
Saint Pierre and Miquelon,Saint Pierre and Miquelon,4/28/20,1,0,0
South Sudan,South Sudan,4/28/20,34,0,0
Falkland Islands (Islas Malvinas),Falkland Islands (Islas Malvinas),4/28/20,2,0,0
Malawi,Malawi,4/28/20,36,3,4
Burundi,Burundi,4/28/20,11,1,4
Sierra Leone,Sierra Leone,4/28/20,104,4,12
Botswana,Botswana,4/28/20,23,1,0
Anguilla,Anguilla,4/28/20,3,0,0
Saint Barthelemy,Saint Barthelemy,4/28/20,6,0,1
Bermuda,Bermuda,4/28/20,110,6,44
Faroe Islands,Faroe Islands,4/28/20,187,0,178
Gibraltar,Gibraltar,4/28/20,141,0,131
Isle of Man,Isle of Man,4/28/20,309,21,252
Saint Martin,Saint Martin,4/28/20,38,2,19
Montserrat,Montserrat,4/28/20,11,0,1
Mayotte,Mayotte,4/28/20,460,4,235
New Caledonia,New Caledonia,4/28/20,18,0,1
Sint Maarten,Sint Maarten,4/28/20,75,13,33
Turks and Caicos Islands,Turks and Caicos Islands,4/28/20,12,1,5
Republic of the Congo,Republic of the Congo,4/28/20,207,8,19
Angola,Angola,4/28/20,27,2,6
Benin,Benin,4/28/20,64,1,33
Bahamas,Bahamas,4/28/20,80,11,22
Belize,Belize,4/28/20,18,2,0
Barbados,Barbados,4/28/20,80,6,39
Central African Republic,Central African Republic,4/28/20,50,0,10
Cabo Verde,Cabo Verde,4/28/20,114,1,2
Djibouti,Djibouti,4/28/20,1072,2,498
Dominica,Dominica,4/28/20,16,0,8
Eritrea,Eritrea,4/28/20,39,0,3
Fiji,Fiji,4/28/20,18,0,3
Gambia,Gambia,4/28/20,10,1,2
Guinea-Bissau,Guinea-Bissau,4/28/20,73,1,18
Equatorial Guinea,Equatorial Guinea,4/28/20,315,1,9
Grenada,Grenada,4/28/20,19,0,10
Haiti,Haiti,4/28/20,76,6,8
Kyrgyzstan,Kyrgyzstan,4/28/20,708,8,416
Saint Kitts and Nevis,Saint Kitts and Nevis,4/28/20,15,0,0
Laos,Laos,4/28/20,19,0,0
Liberia,Liberia,4/28/20,141,16,45
Libya,Libya,4/28/20,61,2,18
Madagascar,Madagascar,4/28/20,128,0,75
Mali,Mali,4/28/20,424,24,122
Montenegro,Montenegro,4/28/20,321,7,153
Mozambique,Mozambique,4/28/20,76,0,12
Mauritius,Mauritius,4/28/20,334,9,302
Niger,Niger,4/28/20,709,31,403
Nicaragua,Nicaragua,4/28/20,13,3,7
Papua New Guinea,Papua New Guinea,4/28/20,8,0,0
El Salvador,El Salvador,4/28/20,345,8,97
Somalia,Somalia,4/28/20,528,28,19
Kosovo,Kosovo,4/28/20,510,12,93
Syria,Syria,4/28/20,43,3,14
Chad,Chad,4/28/20,52,2,19
Timor-Leste,Timor-Leste,4/28/20,24,0,2
Tanzania,Tanzania,4/28/20,299,10,48
Uganda,Uganda,4/28/20,79,0,46
Zambia,Zambia,4/28/20,95,3,42
Zimbabwe,Zimbabwe,4/28/20,32,4,5
Iran,Iran,4/28/20,92584,5877,72439
France,France,4/28/20,164589,23660,46886
Switzerland,Switzerland,4/28/20,29264,1677,22200
United Kingdom,United Kingdom,4/28/20,162350,21745,813
Netherlands,Netherlands,4/28/20,38612,4582,6
Norway,Norway,4/28/20,7660,206,32
Portugal,Portugal,4/28/20,24322,948,1389
Sweden,Sweden,4/28/20,19621,2355,1005
Australia,Australia,4/28/20,6744,89,5661
Denmark,Denmark,4/28/20,8851,427,5959
Malaysia,Malaysia,4/28/20,5851,100,4032
Israel,Israel,4/28/20,15728,210,7746
Turkey,Turkey,4/28/20,114653,2992,38809
Czech Republic,Czech Republic,4/28/20,7504,227,2948
Japan,Japan,4/28/20,13736,394,1899
Ireland,Ireland,4/28/20,19877,1159,9233
Pakistan,Pakistan,4/28/20,14612,312,3233
Luxembourg,Luxembourg,4/28/20,3741,89,3123
Ecuador,Ecuador,4/28/20,24258,871,1557
Thailand,Thailand,4/28/20,2938,54,2652
Finland,Finland,4/28/20,4740,193,2500
Others,Japan (Diamond Princess),4/28/20,706,6,10
Poland,Poland,4/28/20,12218,596,2655
Iceland,Iceland,4/28/20,1795,10,1624
Indonesia,Indonesia,4/28/20,9511,773,1254
Romania,Romania,4/28/20,11616,650,3404
Saudi Arabia,Saudi Arabia,4/28/20,20077,152,2784
Singapore,Singapore,4/28/20,14951,14,1095
Qatar,Qatar,4/28/20,11921,10,1134
Philippines,Philippines,4/28/20,7958,530,975
Slovenia,Slovenia,4/28/20,1408,86,223
Russia,Russia,4/28/20,93558,867,8456
South Africa,South Africa,4/28/20,4996,93,2073
Estonia,Estonia,4/28/20,1660,50,240
Bahrain,Bahrain,4/28/20,2811,8,1310
Egypt,Egypt,4/28/20,5042,359,1304
Mexico,Mexico,4/28/20,16752,1569,11423
Croatia,Croatia,4/28/20,2047,63,1232
Panama,Panama,4/28/20,6021,167,455
Lebanon,Lebanon,4/28/20,717,24,145
Iraq,Iraq,4/28/20,1928,90,1319
Serbia,Serbia,4/28/20,6630,125,870
Dominican Republic,Dominican Republic,4/28/20,6416,286,1165
Algeria,Algeria,4/28/20,3649,437,1651
Armenia,Armenia,4/28/20,1867,30,866
Kuwait,Kuwait,4/28/20,3440,23,1176
Bulgaria,Bulgaria,4/28/20,1399,58,222
Slovakia,Slovakia,4/28/20,1384,20,423
San Marino,San Marino,4/28/20,553,41,64
United Arab Emirates,United Arab Emirates,4/28/20,11380,89,2181
Latvia,Latvia,4/28/20,836,13,267
Uruguay,Uruguay,4/28/20,625,15,394
Hungary,Hungary,4/28/20,2649,291,516
Lithuania,Lithuania,4/28/20,1449,41,474
Costa Rica,Costa Rica,4/28/20,705,6,306
North Macedonia,North Macedonia,4/28/20,1421,71,589
Vietnam,Vietnam,4/28/20,270,0,225
Andorra,Andorra,4/28/20,743,40,385
Morocco,Morocco,4/28/20,4252,165,778
Jordan,Jordan,4/28/20,449,7,342
Cyprus,Cyprus,4/28/20,837,15,148
Moldova,Moldova,4/28/20,3638,103,975
Bosnia and Herzegovina,Bosnia and Herzegovina,4/28/20,1585,63,682
Malta,Malta,4/28/20,458,4,303
Albania,Albania,4/28/20,750,30,431
Brunei,Brunei,4/28/20,138,1,115
Cambodia,Cambodia,4/28/20,122,0,98
Sri Lanka,Sri Lanka,4/28/20,619,7,134
Belarus,Belarus,4/28/20,12208,79,1993
Tunisia,Tunisia,4/28/20,975,40,279
Burkina Faso,Burkina Faso,4/28/20,638,42,476
Venezuela,Venezuela,4/28/20,329,10,142
New Zealand,New Zealand,4/28/20,1474,19,1229
Azerbaijan,Azerbaijan,4/28/20,1717,22,1221
Kazakhstan,Kazakhstan,4/28/20,3027,25,774
Senegal,Senegal,4/28/20,823,9,296
Guadeloupe,Guadeloupe,4/28/20,149,12,82
Oman,Oman,4/28/20,2131,10,364
Georgia (country),Georgia,4/28/20,511,6,156
Trinidad and Tobago,Trinidad and Tobago,4/28/20,116,8,58
Ukraine,Ukraine,4/28/20,9410,239,992
Reunion,Reunion,4/28/20,418,0,300
Uzbekistan,Uzbekistan,4/28/20,1939,8,909
Cameroon,Cameroon,4/28/20,1705,58,805
Martinique,Martinique,4/28/20,175,14,77
Liechtenstein,Liechtenstein,4/28/20,82,1,55
Afghanistan,Afghanistan,4/28/20,1828,58,228
Palestine,Palestine,4/28/20,343,2,92
Democratic Republic of the Congo,Democratic Republic of the Congo,4/28/20,471,30,56
Bangladesh,Bangladesh,4/28/20,6462,155,139
Nigeria,Nigeria,4/28/20,1532,44,255
Honduras,Honduras,4/28/20,702,64,79
Bolivia,Bolivia,4/28/20,1014,53,98
Paraguay,Paraguay,4/28/20,239,9,102
Cuba,Cuba,4/28/20,1437,58,575
Ghana,Ghana,4/28/20,1671,16,188
French Guiana,French Guiana,4/28/20,125,1,93
Rwanda,Rwanda,4/28/20,212,0,95
Guatemala,Guatemala,4/28/20,530,15,49
Jamaica,Jamaica,4/28/20,364,7,29
Togo,Togo,4/28/20,99,6,62
Kenya,Kenya,4/28/20,374,14,124
Cote d'Ivoire,Cote d'Ivoire,4/28/20,1183,14,525
Maldives,Maldives,4/28/20,250,0,17
Monaco,Monaco,4/28/20,95,4,42
Ethiopia,Ethiopia,4/28/20,126,3,50
Mongolia,Mongolia,4/28/20,38,0,9
Guyana,Guyana,4/28/20,74,8,12
Seychelles,Seychelles,4/28/20,11,0,0
Suriname,Suriname,4/28/20,10,0,0
Gabon,Gabon,4/28/20,238,3,53
French Polynesia,French Polynesia,4/28/20,58,0,49
Namibia,Namibia,4/28/20,16,0,4
Bhutan,Bhutan,4/28/20,7,0,3
Saint Lucia,Saint Lucia,4/28/20,15,0,1
Sudan,Sudan,4/28/20,318,22,21
Nepal,Nepal,4/28/20,54,0,16
Guinea,Guinea,4/28/20,1240,7,269
Aruba,Aruba,4/28/20,100,2,68
Jersey,Jersey,4/28/20,2,0,0
Mauritania,Mauritania,4/28/20,7,1,2
Antigua and Barbuda,Antigua and Barbuda,4/28/20,24,3,7
Saint Vincent and the Grenadines,Saint Vincent and the Grenadines,4/28/20,15,0,5
Curacao,Curacao,4/28/20,16,1,11
Greenland,Greenland,4/28/20,11,0,3
Guernsey,Guernsey,4/28/20,1,0,0
Vatican City,Vatican City,4/28/20,10,0,2
Cayman Islands,Cayman Islands,4/28/20,70,1,8
India,India,4/28/20,31324,1008,7747
Canada,Canada,4/28/20,50026,2859,18707
Italy,Italy,4/28/20,202000,27359,68941
South Korea,South Korea,4/28/20,10761,246,8922
Spain,Spain,4/28/20,232128,23822,123903
Austria,Austria,4/28/20,15357,569,12580
Belgium,Belgium,4/28/20,47334,7331,10943
Greece,Greece,4/28/20,2566,138,577
Chile,Chile,4/28/20,14365,207,7710
Peru,Peru,4/28/20,31190,854,9179
Argentina,Argentina,4/28/20,4127,207,1162
Brazil,Brazil,4/28/20,73235,5083,32544
Colombia,Colombia,4/28/20,5949,269,1268
Germany,Germany,4/28/20,160483,6389,117400
New York,USA,4/28/20,301489,23134,32904
New Jersey,USA,4/28/20,113856,6442,730
Massachusetts,USA,4/28/20,58302,3153,1299
Illinois,USA,4/28/20,48102,2125,645
California,USA,4/28/20,46164,1864,3636
Pennsylvania,USA,4/28/20,45137,2046,765
Michigan,USA,4/28/20,39262,3568,8342
Florida,USA,4/28/20,32848,1171,174
Louisiana,USA,4/28/20,27286,1801,17303
Texas,USA,4/28/20,26357,719,9685
Connecticut,USA,4/28/20,26312,2087,63
Georgia,USA,4/28/20,24923,1036,340
Maryland,USA,4/28/20,20113,910,1263
Ohio,USA,4/28/20,16769,799,448
Indiana,USA,4/28/20,16588,901,1559
Washington,USA,4/28/20,14388,792,1851
Virginia,USA,4/28/20,14339,492,721
Colorado,USA,4/28/20,14316,736,559
Tennessee,USA,4/28/20,10052,188,4924
North Carolina,USA,4/28/20,9755,363,1709
Rhode Island,USA,4/28/20,7927,239,466
Veteran Affair,USA,4/28/20,7739,470,0
Missouri,USA,4/28/20,7450,330,1717
Arizona,USA,4/28/20,6955,275,6
Alabama,USA,4/28/20,6750,242,0
Iowa,USA,4/28/20,6376,136,2164
Mississippi,USA,4/28/20,6342,239,0
Wisconsin,USA,4/28/20,6289,300,2882
US Military,USA,4/28/20,6213,26,1947
South Carolina,USA,4/28/20,5735,192,0
Nevada,USA,4/28/20,4821,219,2788
Delaware,USA,4/28/20,4575,137,1096
Kentucky,USA,4/28/20,4375,225,1174
Utah,USA,4/28/20,4345,41,399
Minnesota,USA,4/28/20,4181,301,1912
District of Columbia,USA,4/28/20,3994,190,660
Kansas,USA,4/28/20,3652,127,735
Nebraska,USA,4/28/20,3517,56,0
Oklahoma,USA,4/28/20,3410,207,2260
Arkansas,USA,4/28/20,3127,57,1216
New Mexico,USA,4/28/20,2974,105,632
Oregon,USA,4/28/20,2385,99,595
South Dakota,USA,4/28/20,2313,11,1392
New Hampshire,USA,4/28/20,2010,60,936
Idaho,USA,4/28/20,1952,60,867
Federal Bureau of Prisons,USA,4/28/20,1649,30,536
Navajo Nation,USA,4/28/20,1540,58,0
Puerto Rico,USA,4/28/20,1400,86,0
West Virginia,USA,4/28/20,1095,38,481
Maine,USA,4/28/20,1040,51,585
North Dakota,USA,4/28/20,991,19,409
Vermont,USA,4/28/20,862,47,0
Hawaii,USA,4/28/20,609,16,505
Wyoming,USA,4/28/20,536,7,378
Montana,USA,4/28/20,451,15,352
Alaska,USA,4/28/20,351,9,218
Guam,USA,4/28/20,141,5,128
Grand Princess,USA,4/28/20,103,3,0
United States Virgin Islands,USA,4/28/20,57,4,51
Diamond Princess,USA,4/28/20,49,0,0
Northern Mariana Islands,USA,4/28/20,14,2,12
Wuhan Evacuee,USA,4/28/20,4,0,0