name,Region,Last Update,Confirmed,Deaths,Recovered
Hubei,Mainland China,3/25/20,67801,3163,60811
Guangdong,Mainland China,3/25/20,1433,8,1336
Henan,Mainland China,3/25/20,1274,22,1250
Zhejiang,Mainland China,3/25/20,1241,1,1221
Hunan,Mainland China,3/25/20,1018,4,1014
Anhui,Mainland China,3/25/20,990,6,984
Jiangxi,Mainland China,3/25/20,936,1,934
Shandong,Mainland China,3/25/20,769,7,752
Jiangsu,Mainland China,3/25/20,638,0,631
Chongqing,Mainland China,3/25/20,578,6,570
Sichuan,Mainland China,3/25/20,547,3,536
Beijing,Mainland China,3/25/20,561,8,403
Heilongjiang,Mainland China,3/25/20,484,13,468
Shanghai,Mainland China,3/25/20,433,5,330
Hebei,Mainland China,3/25/20,319,6,310
Hong Kong,Hong Kong,3/25/20,410,4,102
Fujian,Mainland China,3/25/20,322,1,295
Guangxi,Mainland China,3/25/20,254,2,250
Shaanxi,Mainland China,3/25/20,250,3,240
Yunnan,Mainland China,3/25/20,178,2,172
Taiwan,Taiwan,3/25/20,235,2,29
Hainan,Mainland China,3/25/20,168,6,162
Guizhou,Mainland China,3/25/20,146,2,144
Tianjin,Mainland China,3/25/20,147,3,133
Gansu,Mainland China,3/25/20,136,2,121
Shanxi,Mainland China,3/25/20,135,0,133
Liaoning,Mainland China,3/25/20,127,2,124
Jilin,Mainland China,3/25/20,95,1,92
Xinjiang Uygur,Mainland China,3/25/20,76,3,73
Nei Mongol,Mainland China,3/25/20,77,1,74
Ningxia,Mainland China,3/25/20,75,0,75
Macau,Macau,3/25/20,30,0,10
Qinghai,Mainland China,3/25/20,18,0,18
Xizang,Mainland China,3/25/20,1,0,1
Angola,Angola,3/25/20,3,0,0
Benin,Benin,3/25/20,6,0,0
Bahamas,Bahamas,3/25/20,5,0,1
Belize,Belize,3/25/20,2,0,0
Barbados,Barbados,3/25/20,18,0,0
Central African Republic,Central African Republic,3/25/20,3,0,0
Republic of the Congo,Republic of the Congo,3/25/20,4,0,0
Cabo Verde,Cabo Verde,3/25/20,4,1,0
Djibouti,Djibouti,3/25/20,11,0,0
Dominica,Dominica,3/25/20,11,0,0
Eritrea,Eritrea,3/25/20,4,0,0
Fiji,Fiji,3/25/20,5,0,0
Gambia,Gambia,3/25/20,3,1,0
Guinea-Bissau,Guinea-Bissau,3/25/20,2,0,0
Equatorial Guinea,Equatorial Guinea,3/25/20,9,0,0
Grenada,Grenada,3/25/20,1,0,0
Haiti,Haiti,3/25/20,8,0,0
Kyrgyzstan,Kyrgyzstan,3/25/20,44,0,0
Saint Kitts and Nevis,Saint Kitts and Nevis,3/25/20,2,0,0
Laos,Laos,3/25/20,3,0,0
Liberia,Liberia,3/25/20,3,0,0
Libya,Libya,3/25/20,1,0,0
Madagascar,Madagascar,3/25/20,19,0,0
Mali,Mali,3/25/20,2,0,0
Montenegro,Montenegro,3/25/20,53,1,0
Mozambique,Mozambique,3/25/20,5,0,0
Mauritius,Mauritius,3/25/20,48,2,0
Niger,Niger,3/25/20,7,1,0
Nicaragua,Nicaragua,3/25/20,2,0,0
Papua New Guinea,Papua New Guinea,3/25/20,1,0,0
El Salvador,El Salvador,3/25/20,13,0,0
Somalia,Somalia,3/25/20,1,0,0
Syria,Syria,3/25/20,5,0,0
Chad,Chad,3/25/20,3,0,0
Timor-Leste,Timor-Leste,3/25/20,1,0,0
Tanzania,Tanzania,3/25/20,13,0,0
Uganda,Uganda,3/25/20,14,0,0
Zambia,Zambia,3/25/20,12,0,0
Zimbabwe,Zimbabwe,3/25/20,3,1,0
Italy,Italy,3/25/20,74386,7503,9362
Spain,Spain,3/25/20,49515,3647,5367
Iran,Iran,3/25/20,27017,2077,9625
France,France,3/25/20,25600,1333,3907
South Korea,South Korea,3/25/20,9137,126,3730
Switzerland,Switzerland,3/25/20,10897,153,131
United Kingdom,United Kingdom,3/25/20,9640,466,140
Netherlands,Netherlands,3/25/20,6440,357,6
Austria,Austria,3/25/20,5588,30,9
Belgium,Belgium,3/25/20,4937,178,547
Norway,Norway,3/25/20,3084,14,6
Portugal,Portugal,3/25/20,2995,43,22
Sweden,Sweden,3/25/20,2526,62,16
Australia,Australia,3/25/20,2364,8,119
Denmark,Denmark,3/25/20,1862,34,41
Malaysia,Malaysia,3/25/20,1796,20,199
Israel,Israel,3/25/20,2369,5,58
Turkey,Turkey,3/25/20,2433,59,26
Czech Republic,Czech Republic,3/25/20,1654,6,10
Japan,Japan,3/25/20,1307,45,310
Ireland,Ireland,3/25/20,1564,9,5
Pakistan,Pakistan,3/25/20,1063,8,21
Luxembourg,Luxembourg,3/25/20,1333,8,6
Ecuador,Ecuador,3/25/20,1211,29,3
Thailand,Thailand,3/25/20,934,4,70
Finland,Finland,3/25/20,880,3,10
Others,Japan (Diamond Princess),3/25/20,706,6,10
Poland,Poland,3/25/20,1051,14,7
Iceland,Iceland,3/25/20,737,2,56
Indonesia,Indonesia,3/25/20,790,58,31
Romania,Romania,3/25/20,906,17,86
Saudi Arabia,Saudi Arabia,3/25/20,900,2,29
Singapore,Singapore,3/25/20,631,2,160
Qatar,Qatar,3/25/20,537,0,41
Philippines,Philippines,3/25/20,636,38,26
Slovenia,Slovenia,3/25/20,528,5,10
Russia,Russia,3/25/20,658,3,29
South Africa,South Africa,3/25/20,709,0,12
Estonia,Estonia,3/25/20,404,1,8
Bahrain,Bahrain,3/25/20,419,4,177
Egypt,Egypt,3/25/20,456,21,95
Mexico,Mexico,3/25/20,405,5,4
Croatia,Croatia,3/25/20,442,1,22
Panama,Panama,3/25/20,558,8,2
Lebanon,Lebanon,3/25/20,333,6,20
Iraq,Iraq,3/25/20,346,29,103
Serbia,Serbia,3/25/20,384,4,15
Dominican Republic,Dominican Republic,3/25/20,392,10,3
Algeria,Algeria,3/25/20,302,21,65
Armenia,Armenia,3/25/20,265,0,16
Kuwait,Kuwait,3/25/20,195,0,43
Bulgaria,Bulgaria,3/25/20,242,3,4
Slovakia,Slovakia,3/25/20,216,0,7
San Marino,San Marino,3/25/20,208,21,4
United Arab Emirates,United Arab Emirates,3/25/20,333,2,52
Latvia,Latvia,3/25/20,221,0,1
Uruguay,Uruguay,3/25/20,217,0,0
Hungary,Hungary,3/25/20,226,10,21
Lithuania,Lithuania,3/25/20,274,4,1
Costa Rica,Costa Rica,3/25/20,201,2,2
North Macedonia,North Macedonia,3/25/20,177,3,1
Vietnam,Vietnam,3/25/20,148,0,17
Andorra,Andorra,3/25/20,188,1,1
Morocco,Morocco,3/25/20,225,6,7
Jordan,Jordan,3/25/20,172,0,1
Cyprus,Cyprus,3/25/20,132,3,3
Moldova,Moldova,3/25/20,149,1,2
Bosnia and Herzegovina,Bosnia and Herzegovina,3/25/20,176,3,2
Malta,Malta,3/25/20,129,0,2
Albania,Albania,3/25/20,146,5,17
Brunei,Brunei,3/25/20,109,0,2
Cambodia,Cambodia,3/25/20,96,0,10
Sri Lanka,Sri Lanka,3/25/20,102,0,3
Belarus,Belarus,3/25/20,86,0,29
Tunisia,Tunisia,3/25/20,173,5,2
Burkina Faso,Burkina Faso,3/25/20,146,4,10
Venezuela,Venezuela,3/25/20,106,0,15
New Zealand,New Zealand,3/25/20,283,0,27
Azerbaijan,Azerbaijan,3/25/20,93,2,10
Kazakhstan,Kazakhstan,3/25/20,81,0,0
Senegal,Senegal,3/25/20,99,0,9
Guadeloupe,Guadeloupe,3/25/20,56,0,0
Oman,Oman,3/25/20,99,0,17
Georgia (country),Georgia,3/25/20,75,0,10
Trinidad and Tobago,Trinidad and Tobago,3/25/20,60,1,0
Ukraine,Ukraine,3/25/20,145,5,1
Reunion,Reunion,3/25/20,47,0,0
Uzbekistan,Uzbekistan,3/25/20,60,0,0
Cameroon,Cameroon,3/25/20,75,1,2
Martinique,Martinique,3/25/20,37,1,0
Liechtenstein,Liechtenstein,3/25/20,51,0,0
Afghanistan,Afghanistan,3/25/20,84,2,2
Palestine,Palestine,3/25/20,31,0,0
Democratic Republic of the Congo,Democratic Republic of the Congo,3/25/20,48,2,0
Bangladesh,Bangladesh,3/25/20,39,5,7
Nigeria,Nigeria,3/25/20,51,1,2
Honduras,Honduras,3/25/20,52,0,0
Bolivia,Bolivia,3/25/20,38,0,0
Paraguay,Paraguay,3/25/20,37,3,0
Cuba,Cuba,3/25/20,57,1,1
Ghana,Ghana,3/25/20,93,4,0
French Guiana,French Guiana,3/25/20,18,0,6
Rwanda,Rwanda,3/25/20,41,0,0
Guatemala,Guatemala,3/25/20,24,1,4
Jamaica,Jamaica,3/25/20,26,1,2
Togo,Togo,3/25/20,23,0,1
Kenya,Kenya,3/25/20,28,0,1
Cote d'Ivoire,Cote d'Ivoire,3/25/20,80,0,3
Maldives,Maldives,3/25/20,13,0,8
Monaco,Monaco,3/25/20,31,0,1
Ethiopia,Ethiopia,3/25/20,12,0,0
Mongolia,Mongolia,3/25/20,10,0,0
Guyana,Guyana,3/25/20,7,1,0
Seychelles,Seychelles,3/25/20,7,0,0
Suriname,Suriname,3/25/20,8,0,0
Gabon,Gabon,3/25/20,6,1,0
French Polynesia,French Polynesia,3/25/20,3,0,0
Namibia,Namibia,3/25/20,7,0,2
Bhutan,Bhutan,3/25/20,2,0,0
Saint Lucia,Saint Lucia,3/25/20,3,0,0
Sudan,Sudan,3/25/20,3,1,0
Nepal,Nepal,3/25/20,3,0,1
Guinea,Guinea,3/25/20,4,0,0
Aruba,Aruba,3/25/20,2,0,0
Jersey,Jersey,3/25/20,2,0,0
Mauritania,Mauritania,3/25/20,2,0,0
Antigua and Barbuda,Antigua and Barbuda,3/25/20,3,0,0
Saint Vincent and the Grenadines,Saint Vincent and the Grenadines,3/25/20,1,0,0
Curacao,Curacao,3/25/20,1,0,0
Greenland,Greenland,3/25/20,1,0,0
Guernsey,Guernsey,3/25/20,1,0,0
Vatican City,Vatican City,3/25/20,4,0,0
Cayman Islands,Cayman Islands,3/25/20,1,0,0
Argentina,Argentina,3/25/20,387,6,51
Brazil,Brazil,3/25/20,2201,46,2
Canada,Canada,3/25/20,3290,30,186
Chile,Chile,3/25/20,1142,3,22
Colombia,Colombia,3/25/20,378,3,6
Germany,Germany,3/25/20,35743,185,3299
Greece,Greece,3/25/20,821,22,36
India,India,3/25/20,537,10,34
Peru,Peru,3/25/20,480,9,6
USA (Aggregate Recovered),USA,3/25/20,0,0,593
New York,USA,3/25/20,33033,366,0
New Jersey,USA,3/25/20,4407,62,0
California,USA,3/25/20,3169,67,0
Washington,USA,3/25/20,2600,133,0
Michigan,USA,3/25/20,2297,43,0
Florida,USA,3/25/20,1978,23,0
Illinois,USA,3/25/20,1870,19,0
Massachusetts,USA,3/25/20,1838,15,0
Louisiana,USA,3/25/20,1795,65,0
Georgia,USA,3/25/20,1387,47,0
Texas,USA,3/25/20,1347,17,0
Pennsylvania,USA,3/25/20,1284,15,0
Colorado,USA,3/25/20,1087,20,0
Tennessee,USA,3/25/20,917,3,0
Connecticut,USA,3/25/20,875,19,0
Ohio,USA,3/25/20,704,11,0
Wisconsin,USA,3/25/20,638,7,0
North Carolina,USA,3/25/20,625,2,0
Indiana,USA,3/25/20,478,14,0
Alabama,USA,3/25/20,439,1,0
Maryland,USA,3/25/20,426,4,0
South Carolina,USA,3/25/20,424,7,0
Nevada,USA,3/25/20,405,10,0
Arizona,USA,3/25/20,401,6,0
Virginia,USA,3/25/20,399,13,0
Missouri,USA,3/25/20,381,8,0
Mississippi,USA,3/25/20,377,5,0
Utah,USA,3/25/20,346,1,0
Arkansas,USA,3/25/20,308,2,0
Minnesota,USA,3/25/20,287,1,0
Oregon,USA,3/25/20,266,10,0
District of Columbia,USA,3/25/20,231,3,0
Kentucky,USA,3/25/20,198,5,0
Oklahoma,USA,3/25/20,164,6,0
Iowa,USA,3/25/20,146,1,0
Maine,USA,3/25/20,142,0,0
Idaho,USA,3/25/20,138,0,0
Kansas,USA,3/25/20,137,3,0
New Hampshire,USA,3/25/20,137,1,0
Rhode Island,USA,3/25/20,132,0,0
Vermont,USA,3/25/20,125,8,0
Delaware,USA,3/25/20,119,0,0
New Mexico,USA,3/25/20,113,1,0
Hawaii,USA,3/25/20,95,0,0
Nebraska,USA,3/25/20,74,0,0
Montana,USA,3/25/20,67,0,0
West Virginia,USA,3/25/20,52,0,0
Puerto Rico,USA,3/25/20,51,2,0
Wyoming,USA,3/25/20,49,0,0
Diamond Princess,USA,3/25/20,49,0,0
North Dakota,USA,3/25/20,45,0,0
Alaska,USA,3/25/20,43,1,0
South Dakota,USA,3/25/20,41,1,0
Guam,USA,3/25/20,37,1,0
Grand Princess,USA,3/25/20,28,1,0
United States Virgin Islands,USA,3/25/20,17,0,0
Wuhan Evacuee,USA,3/25/20,4,0,0