name,Region,Last Update,Confirmed,Deaths,Recovered
Hubei,Mainland China,3/15/20,67798,3099,55094
Guangdong,Mainland China,3/15/20,1361,8,1306
Henan,Mainland China,3/15/20,1273,22,1250
Zhejiang,Mainland China,3/15/20,1231,1,1213
Hunan,Mainland China,3/15/20,1018,4,1014
Anhui,Mainland China,3/15/20,990,6,984
Jiangxi,Mainland China,3/15/20,935,1,934
Shandong,Mainland China,3/15/20,760,7,743
Jiangsu,Mainland China,3/15/20,631,0,631
Chongqing,Mainland China,3/15/20,576,6,570
Sichuan,Mainland China,3/15/20,539,3,516
Heilongjiang,Mainland China,3/15/20,482,13,454
Beijing,Mainland China,3/15/20,446,8,358
Shanghai,Mainland China,3/15/20,355,3,324
Hebei,Mainland China,3/15/20,318,6,310
Fujian,Mainland China,3/15/20,296,1,295
Guangxi,Mainland China,3/15/20,252,2,247
Shaanxi,Mainland China,3/15/20,245,2,232
Yunnan,Mainland China,3/15/20,175,2,172
Hainan,Mainland China,3/15/20,168,6,160
Guizhou,Mainland China,3/15/20,146,2,143
Hong Kong,Hong Kong,3/15/20,148,4,84
Tianjin,Mainland China,3/15/20,136,3,133
Shanxi,Mainland China,3/15/20,133,0,133
Gansu,Mainland China,3/15/20,133,2,91
Liaoning,Mainland China,3/15/20,125,1,114
Jilin,Mainland China,3/15/20,93,1,92
Xinjiang Uygur,Mainland China,3/15/20,76,3,73
Nei Mongol,Mainland China,3/15/20,75,1,71
Ningxia,Mainland China,3/15/20,75,0,73
Taiwan,Taiwan,3/15/20,59,1,20
Qinghai,Mainland China,3/15/20,18,0,18
Macau,Macau,3/15/20,11,0,10
Xizang,Mainland China,3/15/20,1,0,1
Central African Republic,Central African Republic,3/15/20,1,0,0
Republic of the Congo,Republic of the Congo,3/15/20,1,0,0
Equatorial Guinea,Equatorial Guinea,3/15/20,1,0,0
Kosovo,Kosovo,3/15/20,2,0,0
Italy,Italy,3/15/20,24747,1809,2335
Iran,Iran,3/15/20,13938,724,4590
South Korea,South Korea,3/15/20,8162,75,834
Spain,Spain,3/15/20,7844,292,517
Germany,Germany,3/15/20,5864,13,46
France,France,3/15/20,5437,127,28
Switzerland,Switzerland,3/15/20,2200,14,4
United Kingdom,United Kingdom,3/15/20,1395,35,21
Norway,Norway,3/15/20,1256,3,1
Sweden,Sweden,3/15/20,1032,3,1
Netherlands,Netherlands,3/15/20,1136,20,2
Denmark,Denmark,3/15/20,875,2,1
Others,Japan (Diamond Princess),3/15/20,706,6,10
Japan,Japan,3/15/20,829,22,157
Belgium,Belgium,3/15/20,886,4,1
Austria,Austria,3/15/20,860,1,6
Qatar,Qatar,3/15/20,401,0,4
Australia,Australia,3/15/20,297,3,24
Malaysia,Malaysia,3/15/20,428,0,42
Greece,Greece,3/15/20,331,4,8
Finland,Finland,3/15/20,244,0,10
Singapore,Singapore,3/15/20,226,0,105
Bahrain,Bahrain,3/15/20,214,0,60
Canada,Canada,3/15/20,341,1,9
Israel,Israel,3/15/20,251,0,4
Czech Republic,Czech Republic,3/15/20,253,0,0
Slovenia,Slovenia,3/15/20,219,1,0
Portugal,Portugal,3/15/20,245,0,2
Iceland,Iceland,3/15/20,171,5,8
Brazil,Brazil,3/15/20,162,0,0
Ireland,Ireland,3/15/20,129,2,0
Romania,Romania,3/15/20,139,0,9
Estonia,Estonia,3/15/20,171,0,1
Philippines,Philippines,3/15/20,140,12,2
Iraq,Iraq,3/15/20,116,10,26
Egypt,Egypt,3/15/20,110,2,21
Kuwait,Kuwait,3/15/20,112,0,9
Saudi Arabia,Saudi Arabia,3/15/20,118,0,2
Poland,Poland,3/15/20,125,3,13
India,India,3/15/20,112,2,10
Indonesia,Indonesia,3/15/20,117,5,8
Lebanon,Lebanon,3/15/20,99,3,1
United Arab Emirates,United Arab Emirates,3/15/20,98,0,23
Thailand,Thailand,3/15/20,114,1,35
San Marino,San Marino,3/15/20,109,7,4
Chile,Chile,3/15/20,75,0,0
Russia,Russia,3/15/20,63,0,8
Vietnam,Vietnam,3/15/20,56,0,16
Luxembourg,Luxembourg,3/15/20,77,1,0
Serbia,Serbia,3/15/20,48,0,1
Slovakia,Slovakia,3/15/20,61,0,0
Bulgaria,Bulgaria,3/15/20,51,2,0
Brunei,Brunei,3/15/20,50,0,0
Albania,Albania,3/15/20,42,1,0
Croatia,Croatia,3/15/20,49,0,1
South Africa,South Africa,3/15/20,61,0,0
Peru,Peru,3/15/20,71,0,0
Algeria,Algeria,3/15/20,48,4,12
Panama,Panama,3/15/20,43,1,0
Argentina,Argentina,3/15/20,45,2,1
Pakistan,Pakistan,3/15/20,53,0,2
Hungary,Hungary,3/15/20,32,1,1
Georgia (country),Georgia,3/15/20,33,0,0
Ecuador,Ecuador,3/15/20,37,2,0
Belarus,Belarus,3/15/20,27,0,3
Costa Rica,Costa Rica,3/15/20,35,0,0
Latvia,Latvia,3/15/20,30,0,1
Mexico,Mexico,3/15/20,43,0,4
Cyprus,Cyprus,3/15/20,33,0,0
Colombia,Colombia,3/15/20,34,0,0
Palestine,Palestine,3/15/20,31,0,0
Oman,Oman,3/15/20,22,0,9
Bosnia and Herzegovina,Bosnia and Herzegovina,3/15/20,24,0,0
Armenia,Armenia,3/15/20,26,0,0
Malta,Malta,3/15/20,21,0,2
Tunisia,Tunisia,3/15/20,20,0,0
Morocco,Morocco,3/15/20,28,1,1
Azerbaijan,Azerbaijan,3/15/20,23,1,6
Moldova,Moldova,3/15/20,23,0,0
Bolivia,Bolivia,3/15/20,10,0,0
Senegal,Senegal,3/15/20,24,0,2
Sri Lanka,Sri Lanka,3/15/20,18,0,1
Turkey,Turkey,3/15/20,18,0,0
Venezuela,Venezuela,3/15/20,17,0,0
Afghanistan,Afghanistan,3/15/20,16,0,1
North Macedonia,North Macedonia,3/15/20,14,0,1
Maldives,Maldives,3/15/20,13,0,0
Lithuania,Lithuania,3/15/20,12,0,1
Jordan,Jordan,3/15/20,12,0,1
Dominican Republic,Dominican Republic,3/15/20,11,0,0
Martinique,Martinique,3/15/20,10,0,0
French Guiana,French Guiana,3/15/20,7,0,0
Reunion,Reunion,3/15/20,7,0,0
French Polynesia,French Polynesia,3/15/20,3,0,0
Jamaica,Jamaica,3/15/20,10,0,2
Cambodia,Cambodia,3/15/20,7,0,1
New Zealand,New Zealand,3/15/20,8,0,0
Kazakhstan,Kazakhstan,3/15/20,9,0,0
Paraguay,Paraguay,3/15/20,7,0,0
Uruguay,Uruguay,3/15/20,6,0,0
Cuba,Cuba,3/15/20,4,0,0
Liechtenstein,Liechtenstein,3/15/20,4,0,0
Guadeloupe,Guadeloupe,3/15/20,3,0,0
Bangladesh,Bangladesh,3/15/20,5,0,2
Ukraine,Ukraine,3/15/20,3,1,0
Ghana,Ghana,3/15/20,6,0,0
Aruba,Aruba,3/15/20,2,0,0
Cameroon,Cameroon,3/15/20,4,0,0
Burkina Faso,Burkina Faso,3/15/20,7,0,0
Monaco,Monaco,3/15/20,2,0,0
Jersey,Jersey,3/15/20,2,0,0
Nigeria,Nigeria,3/15/20,2,0,0
Namibia,Namibia,3/15/20,2,0,0
Seychelles,Seychelles,3/15/20,3,0,0
Democratic Republic of the Congo,Democratic Republic of the Congo,3/15/20,2,0,0
Trinidad and Tobago,Trinidad and Tobago,3/15/20,2,0,0
Honduras,Honduras,3/15/20,3,0,0
Ethiopia,Ethiopia,3/15/20,4,0,0
Guatemala,Guatemala,3/15/20,1,0,0
Gabon,Gabon,3/15/20,1,0,0
Saint Vincent and the Grenadines,Saint Vincent and the Grenadines,3/15/20,1,0,0
Kenya,Kenya,3/15/20,3,0,0
Saint Lucia,Saint Lucia,3/15/20,2,0,0
Mongolia,Mongolia,3/15/20,1,0,0
Rwanda,Rwanda,3/15/20,5,0,0
Togo,Togo,3/15/20,1,0,0
Guinea,Guinea,3/15/20,1,0,0
Andorra,Andorra,3/15/20,2,0,1
Guernsey,Guernsey,3/15/20,1,0,0
Antigua and Barbuda,Antigua and Barbuda,3/15/20,1,0,0
Curacao,Curacao,3/15/20,1,0,0
Bhutan,Bhutan,3/15/20,1,0,0
Sudan,Sudan,3/15/20,1,1,0
Nepal,Nepal,3/15/20,1,0,1
Suriname,Suriname,3/15/20,1,0,0
Cayman Islands,Cayman Islands,3/15/20,1,0,0
Cote d'Ivoire,Cote d'Ivoire,3/15/20,1,0,0
Mauritania,Mauritania,3/15/20,1,0,0
Guyana,Guyana,3/15/20,4,1,0
Vatican City,Vatican City,3/15/20,1,0,0
Uzbekistan,Uzbekistan,3/15/20,1,0,0
Washington,USA,3/15/20,769,42,1
New York,USA,3/15/20,746,6,0
California,USA,3/15/20,458,6,2
Massachusetts,USA,3/15/20,164,0,1
Florida,USA,3/15/20,149,5,0
Colorado,USA,3/15/20,135,1,0
Georgia,USA,3/15/20,111,1,0
New Jersey,USA,3/15/20,109,2,0
Louisiana,USA,3/15/20,103,2,0
Illinois,USA,3/15/20,93,0,2
Texas,USA,3/15/20,76,0,0
Pennsylvania,USA,3/15/20,66,0,0
Michigan,USA,3/15/20,53,0,0
Diamond Princess,USA,3/15/20,47,0,0
Virginia,USA,3/15/20,45,1,0
Tennessee,USA,3/15/20,39,0,0
Oregon,USA,3/15/20,39,1,0
Ohio,USA,3/15/20,37,0,0
Minnesota,USA,3/15/20,35,0,0
Maryland,USA,3/15/20,34,0,0
Wisconsin,USA,3/15/20,34,0,1
North Carolina,USA,3/15/20,33,0,0
South Carolina,USA,3/15/20,28,0,0
Utah,USA,3/15/20,28,0,0
Connecticut,USA,3/15/20,26,0,0
Nevada,USA,3/15/20,26,0,0
Alabama,USA,3/15/20,22,0,0
Iowa,USA,3/15/20,22,0,0
Indiana,USA,3/15/20,21,0,0
Kentucky,USA,3/15/20,21,0,0
Grand Princess,USA,3/15/20,21,0,0
Rhode Island,USA,3/15/20,20,0,0
Nebraska,USA,3/15/20,18,0,0
New Mexico,USA,3/15/20,17,0,0
District of Columbia,USA,3/15/20,17,0,0
Arkansas,USA,3/15/20,16,0,0
Arizona,USA,3/15/20,13,0,1
New Hampshire,USA,3/15/20,13,0,0
Maine,USA,3/15/20,12,0,0
Mississippi,USA,3/15/20,10,0,0
South Dakota,USA,3/15/20,9,1,0
Kansas,USA,3/15/20,9,1,0
Vermont,USA,3/15/20,8,0,0
Delaware,USA,3/15/20,7,0,0
Montana,USA,3/15/20,7,0,0
Oklahoma,USA,3/15/20,7,0,0
Hawaii,USA,3/15/20,7,0,0
Idaho,USA,3/15/20,5,0,0
Missouri,USA,3/15/20,5,0,0
Puerto Rico,USA,3/15/20,5,0,0
Guam,USA,3/15/20,3,0,0
Wuhan Evacuee,USA,3/15/20,3,0,0
Wyoming,USA,3/15/20,3,0,0
North Dakota,USA,3/15/20,1,0,0
United States Virgin Islands,USA,3/15/20,1,0,0
Alaska,USA,3/15/20,1,0,0