name,Region,Last Update,Confirmed,Deaths,Recovered
Hubei,Mainland China,3/19/20,67800,3132,58381
Guangdong,Mainland China,3/19/20,1392,8,1322
Henan,Mainland China,3/19/20,1273,22,1250
Zhejiang,Mainland China,3/19/20,1234,1,1219
Hunan,Mainland China,3/19/20,1018,4,1014
Anhui,Mainland China,3/19/20,990,6,984
Jiangxi,Mainland China,3/19/20,935,1,934
Shandong,Mainland China,3/19/20,762,7,748
Jiangsu,Mainland China,3/19/20,631,0,631
Chongqing,Mainland China,3/19/20,576,6,570
Sichuan,Mainland China,3/19/20,541,3,536
Heilongjiang,Mainland China,3/19/20,484,13,463
Beijing,Mainland China,3/19/20,485,8,384
Shanghai,Mainland China,3/19/20,371,3,326
Hebei,Mainland China,3/19/20,318,6,310
Fujian,Mainland China,3/19/20,299,1,295
Guangxi,Mainland China,3/19/20,254,2,250
Shaanxi,Mainland China,3/19/20,247,3,237
Yunnan,Mainland China,3/19/20,176,2,172
Hainan,Mainland China,3/19/20,168,6,161
Hong Kong,Hong Kong,3/19/20,208,4,98
Guizhou,Mainland China,3/19/20,146,2,144
Tianjin,Mainland China,3/19/20,137,3,133
Shanxi,Mainland China,3/19/20,133,0,133
Gansu,Mainland China,3/19/20,134,2,98
Liaoning,Mainland China,3/19/20,126,2,122
Jilin,Mainland China,3/19/20,93,1,92
Xinjiang Uygur,Mainland China,3/19/20,76,3,73
Nei Mongol,Mainland China,3/19/20,75,1,74
Ningxia,Mainland China,3/19/20,75,0,75
Taiwan,Taiwan,3/19/20,108,1,26
Qinghai,Mainland China,3/19/20,18,0,18
Macau,Macau,3/19/20,17,0,10
Xizang,Mainland China,3/19/20,1,0,1
Benin,Benin,3/19/20,2,0,0
Bahamas,Bahamas,3/19/20,3,0,0
Barbados,Barbados,3/19/20,5,0,0
Central African Republic,Central African Republic,3/19/20,1,0,0
Republic of the Congo,Republic of the Congo,3/19/20,3,0,0
Djibouti,Djibouti,3/19/20,1,0,0
Fiji,Fiji,3/19/20,1,0,0
Gambia,Gambia,3/19/20,1,0,0
Equatorial Guinea,Equatorial Guinea,3/19/20,6,0,0
Kyrgyzstan,Kyrgyzstan,3/19/20,3,0,0
Liberia,Liberia,3/19/20,2,0,0
Montenegro,Montenegro,3/19/20,13,0,0
Mauritius,Mauritius,3/19/20,7,0,0
Mayotte,Mayotte,3/19/20,4,0,0
Niger,Niger,3/19/20,1,0,0
Nicaragua,Nicaragua,3/19/20,1,0,0
El Salvador,El Salvador,3/19/20,1,0,0
Somalia,Somalia,3/19/20,1,0,0
Kosovo,Kosovo,3/19/20,2,0,0
Chad,Chad,3/19/20,1,0,0
Tanzania,Tanzania,3/19/20,6,0,0
Zambia,Zambia,3/19/20,2,0,0
Italy,Italy,3/19/20,41035,3405,4440
Iran,Iran,3/19/20,18407,1284,5979
Spain,Spain,3/19/20,18077,833,1107
Germany,Germany,3/19/20,15320,44,113
South Korea,South Korea,3/19/20,8652,94,1540
France,France,3/19/20,11010,372,12
Switzerland,Switzerland,3/19/20,4164,43,15
United Kingdom,United Kingdom,3/19/20,2716,138,67
Netherlands,Netherlands,3/19/20,2468,77,2
Austria,Austria,3/19/20,2013,6,9
Belgium,Belgium,3/19/20,1795,21,1
Norway,Norway,3/19/20,1781,7,1
Sweden,Sweden,3/19/20,1439,11,16
Denmark,Denmark,3/19/20,1225,6,1
Japan,Japan,3/19/20,943,33,191
Others,Japan (Diamond Princess),3/19/20,706,6,10
Malaysia,Malaysia,3/19/20,900,2,75
Czech Republic,Czech Republic,3/19/20,694,0,3
Australia,Australia,3/19/20,681,6,26
Portugal,Portugal,3/19/20,785,4,3
Israel,Israel,3/19/20,529,0,11
Qatar,Qatar,3/19/20,460,0,10
Canada,Canada,3/19/20,727,9,11
Greece,Greece,3/19/20,464,6,8
Finland,Finland,3/19/20,400,0,10
Slovenia,Slovenia,3/19/20,319,1,0
Singapore,Singapore,3/19/20,345,0,124
Brazil,Brazil,3/19/20,635,7,2
Poland,Poland,3/19/20,355,5,1
Pakistan,Pakistan,3/19/20,454,2,13
Bahrain,Bahrain,3/19/20,278,1,100
Estonia,Estonia,3/19/20,258,0,1
Ireland,Ireland,3/19/20,557,3,5
Iceland,Iceland,3/19/20,251,1,5
Chile,Chile,3/19/20,238,0,0
Egypt,Egypt,3/19/20,256,7,32
Philippines,Philippines,3/19/20,217,17,8
Romania,Romania,3/19/20,260,0,19
Thailand,Thailand,3/19/20,272,1,42
Indonesia,Indonesia,3/19/20,311,25,15
Saudi Arabia,Saudi Arabia,3/19/20,274,0,8
Iraq,Iraq,3/19/20,192,13,49
India,India,3/19/20,169,3,14
Luxembourg,Luxembourg,3/19/20,335,4,0
Kuwait,Kuwait,3/19/20,148,0,18
Lebanon,Lebanon,3/19/20,157,4,4
Peru,Peru,3/19/20,155,0,1
Russia,Russia,3/19/20,199,1,9
San Marino,San Marino,3/19/20,144,14,4
United Arab Emirates,United Arab Emirates,3/19/20,140,0,31
Mexico,Mexico,3/19/20,118,1,4
Armenia,Armenia,3/19/20,122,0,1
Slovakia,Slovakia,3/19/20,123,1,0
Panama,Panama,3/19/20,137,1,0
Argentina,Argentina,3/19/20,97,3,16
Bulgaria,Bulgaria,3/19/20,107,3,0
Vietnam,Vietnam,3/19/20,85,0,16
Colombia,Colombia,3/19/20,108,0,1
Serbia,Serbia,3/19/20,103,0,1
Croatia,Croatia,3/19/20,110,1,5
South Africa,South Africa,3/19/20,150,0,0
Algeria,Algeria,3/19/20,87,9,32
Ecuador,Ecuador,3/19/20,260,3,0
Brunei,Brunei,3/19/20,75,0,0
Albania,Albania,3/19/20,59,2,0
Hungary,Hungary,3/19/20,73,1,2
Latvia,Latvia,3/19/20,86,0,1
Turkey,Turkey,3/19/20,359,4,0
Cyprus,Cyprus,3/19/20,67,0,0
Sri Lanka,Sri Lanka,3/19/20,60,0,3
Costa Rica,Costa Rica,3/19/20,87,1,0
Andorra,Andorra,3/19/20,53,0,1
Morocco,Morocco,3/19/20,63,2,1
Malta,Malta,3/19/20,48,0,2
Belarus,Belarus,3/19/20,51,0,5
Georgia (country),Georgia,3/19/20,40,0,1
Jordan,Jordan,3/19/20,69,0,1
Kazakhstan,Kazakhstan,3/19/20,44,3,0
Venezuela,Venezuela,3/19/20,42,0,0
Cambodia,Cambodia,3/19/20,37,0,1
Palestine,Palestine,3/19/20,31,0,0
Moldova,Moldova,3/19/20,49,1,1
Uruguay,Uruguay,3/19/20,94,0,0
Azerbaijan,Azerbaijan,3/19/20,44,1,6
Senegal,Senegal,3/19/20,31,0,2
North Macedonia,North Macedonia,3/19/20,48,0,1
Bosnia and Herzegovina,Bosnia and Herzegovina,3/19/20,63,0,2
Lithuania,Lithuania,3/19/20,48,0,1
Oman,Oman,3/19/20,48,0,12
Tunisia,Tunisia,3/19/20,39,1,0
Afghanistan,Afghanistan,3/19/20,22,0,1
Dominican Republic,Dominican Republic,3/19/20,34,2,0
Guadeloupe,Guadeloupe,3/19/20,33,0,0
Martinique,Martinique,3/19/20,23,1,0
Burkina Faso,Burkina Faso,3/19/20,33,1,0
Ukraine,Ukraine,3/19/20,26,3,0
Maldives,Maldives,3/19/20,13,0,0
New Zealand,New Zealand,3/19/20,39,0,0
Jamaica,Jamaica,3/19/20,15,1,2
French Guiana,French Guiana,3/19/20,11,0,0
Bolivia,Bolivia,3/19/20,15,0,0
Bangladesh,Bangladesh,3/19/20,17,1,3
Cameroon,Cameroon,3/19/20,13,0,0
Uzbekistan,Uzbekistan,3/19/20,23,0,0
Reunion,Reunion,3/19/20,28,0,0
French Polynesia,French Polynesia,3/19/20,3,0,0
Paraguay,Paraguay,3/19/20,13,0,0
Cuba,Cuba,3/19/20,16,1,0
Liechtenstein,Liechtenstein,3/19/20,28,0,0
Ghana,Ghana,3/19/20,11,0,0
Aruba,Aruba,3/19/20,2,0,0
Monaco,Monaco,3/19/20,10,0,0
Jersey,Jersey,3/19/20,2,0,0
Nigeria,Nigeria,3/19/20,12,0,1
Namibia,Namibia,3/19/20,3,0,0
Seychelles,Seychelles,3/19/20,6,0,0
Democratic Republic of the Congo,Democratic Republic of the Congo,3/19/20,14,0,0
Trinidad and Tobago,Trinidad and Tobago,3/19/20,9,0,0
Honduras,Honduras,3/19/20,12,0,0
Ethiopia,Ethiopia,3/19/20,7,0,0
Guatemala,Guatemala,3/19/20,9,1,0
Gabon,Gabon,3/19/20,1,0,0
Saint Vincent and the Grenadines,Saint Vincent and the Grenadines,3/19/20,1,0,0
Kenya,Kenya,3/19/20,7,0,0
Saint Lucia,Saint Lucia,3/19/20,2,0,0
Mongolia,Mongolia,3/19/20,6,0,0
Rwanda,Rwanda,3/19/20,8,0,0
Togo,Togo,3/19/20,1,0,0
Guinea,Guinea,3/19/20,1,0,0
Guernsey,Guernsey,3/19/20,1,0,0
Antigua and Barbuda,Antigua and Barbuda,3/19/20,1,0,0
Curacao,Curacao,3/19/20,1,0,0
Bhutan,Bhutan,3/19/20,1,0,0
Sudan,Sudan,3/19/20,2,1,0
Nepal,Nepal,3/19/20,1,0,1
Suriname,Suriname,3/19/20,1,0,0
Cayman Islands,Cayman Islands,3/19/20,1,0,0
Cote d'Ivoire,Cote d'Ivoire,3/19/20,9,0,1
Mauritania,Mauritania,3/19/20,2,0,0
Guyana,Guyana,3/19/20,7,1,0
Vatican City,Vatican City,3/19/20,1,0,0
Greenland,Greenland,3/19/20,1,0,0
New York,USA,3/19/20,5712,38,0
Washington,USA,3/19/20,1377,74,1
California,USA,3/19/20,1041,19,6
New Jersey,USA,3/19/20,742,9,1
Florida,USA,3/19/20,432,9,0
Illinois,USA,3/19/20,423,4,2
Louisiana,USA,3/19/20,392,10,0
Michigan,USA,3/19/20,334,3,0
Massachusetts,USA,3/19/20,328,0,1
Texas,USA,3/19/20,321,5,0
Georgia,USA,3/19/20,288,10,0
Colorado,USA,3/19/20,277,4,0
Pennsylvania,USA,3/19/20,206,1,0
Wisconsin,USA,3/19/20,160,2,1
Connecticut,USA,3/19/20,159,3,0
Tennessee,USA,3/19/20,155,0,0
North Carolina,USA,3/19/20,139,0,0
Ohio,USA,3/19/20,120,1,0
Maryland,USA,3/19/20,107,1,3
Virginia,USA,3/19/20,104,2,0
Nevada,USA,3/19/20,95,1,0
Minnesota,USA,3/19/20,89,0,0
Oregon,USA,3/19/20,88,3,0
South Carolina,USA,3/19/20,81,1,0
Alabama,USA,3/19/20,78,0,0
Utah,USA,3/19/20,78,0,0
District of Columbia,USA,3/19/20,71,0,0
Arkansas,USA,3/19/20,62,0,0
Indiana,USA,3/19/20,61,2,0
Diamond Princess,USA,3/19/20,49,0,0
Arizona,USA,3/19/20,53,0,1
Maine,USA,3/19/20,52,0,0
Mississippi,USA,3/19/20,52,1,0
Kentucky,USA,3/19/20,50,2,1
Oklahoma,USA,3/19/20,44,1,0
Iowa,USA,3/19/20,44,0,0
Rhode Island,USA,3/19/20,44,0,0
New Hampshire,USA,3/19/20,44,0,0
Missouri,USA,3/19/20,41,1,0
Kansas,USA,3/19/20,36,1,0
New Mexico,USA,3/19/20,35,0,0
Nebraska,USA,3/19/20,32,0,0
Delaware,USA,3/19/20,30,0,0
Hawaii,USA,3/19/20,26,0,0
Idaho,USA,3/19/20,23,0,0
Grand Princess,USA,3/19/20,23,1,0
Vermont,USA,3/19/20,22,2,0
North Dakota,USA,3/19/20,19,0,0
Wyoming,USA,3/19/20,18,0,0
Montana,USA,3/19/20,15,0,0
South Dakota,USA,3/19/20,14,1,0
Guam,USA,3/19/20,12,0,0
Alaska,USA,3/19/20,12,0,0
Puerto Rico,USA,3/19/20,5,0,0
West Virginia,USA,3/19/20,5,0,0
United States Virgin Islands,USA,3/19/20,3,0,0
Wuhan Evacuee,USA,3/19/20,3,0,0