name,Region,Last Update,Confirmed,Deaths,Recovered
Hubei,Mainland China,4/26/20,68128,4512,63616
Guangdong,Mainland China,4/26/20,1587,8,1542
Henan,Mainland China,4/26/20,1276,22,1254
Zhejiang,Mainland China,4/26/20,1268,1,1258
Hong Kong,Hong Kong,4/26/20,1037,4,772
Hunan,Mainland China,4/26/20,1019,4,1015
Anhui,Mainland China,4/26/20,991,6,985
Jiangxi,Mainland China,4/26/20,937,1,936
Heilongjiang,Mainland China,4/26/20,936,13,556
Shandong,Mainland China,4/26/20,787,7,768
Jiangsu,Mainland China,4/26/20,653,0,646
Chongqing,Mainland China,4/26/20,579,6,573
Beijing,Mainland China,4/26/20,593,9,525
Shanghai,Mainland China,4/26/20,642,7,568
Sichuan,Mainland China,4/26/20,561,3,558
Taiwan,Taiwan,4/26/20,429,6,281
Fujian,Mainland China,4/26/20,355,1,349
Hebei,Mainland China,4/26/20,328,6,318
Shaanxi,Mainland China,4/26/20,286,3,253
Guangxi,Mainland China,4/26/20,254,2,252
Nei Mongol,Mainland China,4/26/20,198,1,129
Shanxi,Mainland China,4/26/20,197,0,157
Tianjin,Mainland China,4/26/20,190,3,182
Yunnan,Mainland China,4/26/20,185,2,180
Hainan,Mainland China,4/26/20,168,6,162
Guizhou,Mainland China,4/26/20,147,2,145
Liaoning,Mainland China,4/26/20,146,2,143
Gansu,Mainland China,4/26/20,139,2,137
Jilin,Mainland China,4/26/20,110,1,99
Xinjiang Uygur,Mainland China,4/26/20,76,3,73
Ningxia,Mainland China,4/26/20,75,0,75
Macau,Macau,4/26/20,45,0,31
Qinghai,Mainland China,4/26/20,18,0,18
Xizang,Mainland China,4/26/20,1,0,1
Yemen,Yemen,4/26/20,1,0,0
Sao Tome and Principe,Sao Tome and Principe,4/26/20,4,0,0
Saint Pierre and Miquelon,Saint Pierre and Miquelon,4/26/20,1,0,0
South Sudan,South Sudan,4/26/20,6,0,0
Falkland Islands (Islas Malvinas),Falkland Islands (Islas Malvinas),4/26/20,2,0,0
Malawi,Malawi,4/26/20,34,3,4
Burundi,Burundi,4/26/20,11,1,4
Sierra Leone,Sierra Leone,4/26/20,93,4,10
Botswana,Botswana,4/26/20,22,1,0
Anguilla,Anguilla,4/26/20,3,0,0
Saint Barthelemy,Saint Barthelemy,4/26/20,6,0,1
Bermuda,Bermuda,4/26/20,109,5,39
Faroe Islands,Faroe Islands,4/26/20,187,0,178
Gibraltar,Gibraltar,4/26/20,141,0,131
Isle of Man,Isle of Man,4/26/20,308,18,230
Saint Martin,Saint Martin,4/26/20,38,2,19
Montserrat,Montserrat,4/26/20,11,0,1
Mayotte,Mayotte,4/26/20,401,4,144
New Caledonia,New Caledonia,4/26/20,18,0,1
Sint Maarten,Sint Maarten,4/26/20,74,13,33
Turks and Caicos Islands,Turks and Caicos Islands,4/26/20,11,1,0
Republic of the Congo,Republic of the Congo,4/26/20,200,6,19
Angola,Angola,4/26/20,26,2,6
Benin,Benin,4/26/20,64,1,33
Bahamas,Bahamas,4/26/20,80,11,22
Belize,Belize,4/26/20,18,2,0
Barbados,Barbados,4/26/20,79,6,31
Central African Republic,Central African Republic,4/26/20,19,0,10
Cabo Verde,Cabo Verde,4/26/20,106,1,1
Djibouti,Djibouti,4/26/20,1023,2,411
Dominica,Dominica,4/26/20,16,0,8
Eritrea,Eritrea,4/26/20,39,0,3
Fiji,Fiji,4/26/20,18,0,3
Gambia,Gambia,4/26/20,10,1,2
Guinea-Bissau,Guinea-Bissau,4/26/20,53,1,3
Equatorial Guinea,Equatorial Guinea,4/26/20,258,1,7
Grenada,Grenada,4/26/20,18,0,7
Haiti,Haiti,4/26/20,74,6,7
Kyrgyzstan,Kyrgyzstan,4/26/20,682,8,370
Saint Kitts and Nevis,Saint Kitts and Nevis,4/26/20,15,0,0
Laos,Laos,4/26/20,19,0,0
Liberia,Liberia,4/26/20,124,12,25
Libya,Libya,4/26/20,61,2,18
Madagascar,Madagascar,4/26/20,124,0,71
Mali,Mali,4/26/20,389,23,112
Montenegro,Montenegro,4/26/20,321,7,153
Mozambique,Mozambique,4/26/20,76,0,12
Mauritius,Mauritius,4/26/20,332,9,299
Niger,Niger,4/26/20,696,29,350
Nicaragua,Nicaragua,4/26/20,13,3,7
Papua New Guinea,Papua New Guinea,4/26/20,8,0,0
El Salvador,El Salvador,4/26/20,298,8,83
Somalia,Somalia,4/26/20,436,23,10
Kosovo,Kosovo,4/26/20,510,12,93
Syria,Syria,4/26/20,43,3,14
Chad,Chad,4/26/20,46,0,15
Timor-Leste,Timor-Leste,4/26/20,24,0,2
Tanzania,Tanzania,4/26/20,299,10,48
Uganda,Uganda,4/26/20,79,0,46
Zambia,Zambia,4/26/20,88,3,42
Zimbabwe,Zimbabwe,4/26/20,31,4,2
Iran,Iran,4/26/20,90481,5710,69657
France,France,4/26/20,160847,22856,44903
Switzerland,Switzerland,4/26/20,29061,1607,21300
United Kingdom,United Kingdom,4/26/20,154037,20794,778
Netherlands,Netherlands,4/26/20,38040,4491,6
Norway,Norway,4/26/20,7527,201,32
Portugal,Portugal,4/26/20,23864,903,1329
Sweden,Sweden,4/26/20,18640,2194,1005
Australia,Australia,4/26/20,6714,83,5541
Denmark,Denmark,4/26/20,8575,422,5805
Malaysia,Malaysia,4/26/20,5780,98,3862
Israel,Israel,4/26/20,15443,201,6731
Turkey,Turkey,4/26/20,110130,2805,29140
Czech Republic,Czech Republic,4/26/20,7404,220,2545
Japan,Japan,4/26/20,13441,372,1809
Ireland,Ireland,4/26/20,19262,1087,9233
Pakistan,Pakistan,4/26/20,13328,281,2936
Luxembourg,Luxembourg,4/26/20,3723,88,3104
Ecuador,Ecuador,4/26/20,22719,576,1366
Thailand,Thailand,4/26/20,2922,51,2594
Finland,Finland,4/26/20,4576,190,2500
Others,Japan (Diamond Princess),4/26/20,706,6,10
Poland,Poland,4/26/20,11617,535,2265
Iceland,Iceland,4/26/20,1792,10,1608
Indonesia,Indonesia,4/26/20,8882,743,1107
Romania,Romania,4/26/20,11036,608,3054
Saudi Arabia,Saudi Arabia,4/26/20,17522,139,2357
Singapore,Singapore,4/26/20,13624,12,1002
Qatar,Qatar,4/26/20,10287,10,1012
Philippines,Philippines,4/26/20,7579,501,862
Slovenia,Slovenia,4/26/20,1396,82,221
Russia,Russia,4/26/20,80949,747,6767
South Africa,South Africa,4/26/20,4546,87,1473
Estonia,Estonia,4/26/20,1643,49,233
Bahrain,Bahrain,4/26/20,2647,8,1189
Egypt,Egypt,4/26/20,4534,317,1176
Mexico,Mexico,4/26/20,14677,1351,8354
Croatia,Croatia,4/26/20,2030,55,1103
Panama,Panama,4/26/20,5779,165,338
Lebanon,Lebanon,4/26/20,707,24,145
Iraq,Iraq,4/26/20,1820,87,1263
Serbia,Serbia,4/26/20,6630,125,870
Dominican Republic,Dominican Republic,4/26/20,6135,278,910
Algeria,Algeria,4/26/20,3382,425,1508
Armenia,Armenia,4/26/20,1746,28,833
Kuwait,Kuwait,4/26/20,3075,20,806
Bulgaria,Bulgaria,4/26/20,1300,56,205
Slovakia,Slovakia,4/26/20,1379,18,394
San Marino,San Marino,4/26/20,538,41,64
United Arab Emirates,United Arab Emirates,4/26/20,10349,76,1978
Latvia,Latvia,4/26/20,812,12,267
Uruguay,Uruguay,4/26/20,606,15,375
Hungary,Hungary,4/26/20,2500,272,485
Lithuania,Lithuania,4/26/20,1438,41,467
Costa Rica,Costa Rica,4/26/20,695,6,264
North Macedonia,North Macedonia,4/26/20,1386,61,500
Vietnam,Vietnam,4/26/20,270,0,225
Andorra,Andorra,4/26/20,738,40,344
Morocco,Morocco,4/26/20,4065,161,593
Jordan,Jordan,4/26/20,447,7,337
Cyprus,Cyprus,4/26/20,817,14,148
Moldova,Moldova,4/26/20,3408,96,895
Bosnia and Herzegovina,Bosnia and Herzegovina,4/26/20,1516,59,624
Malta,Malta,4/26/20,448,4,249
Albania,Albania,4/26/20,726,28,410
Brunei,Brunei,4/26/20,138,1,115
Cambodia,Cambodia,4/26/20,122,0,98
Sri Lanka,Sri Lanka,4/26/20,523,7,120
Belarus,Belarus,4/26/20,10463,72,1695
Tunisia,Tunisia,4/26/20,949,38,216
Burkina Faso,Burkina Faso,4/26/20,632,42,453
Venezuela,Venezuela,4/26/20,325,10,137
New Zealand,New Zealand,4/26/20,1470,18,1142
Azerbaijan,Azerbaijan,4/26/20,1645,21,1139
Kazakhstan,Kazakhstan,4/26/20,2717,25,682
Senegal,Senegal,4/26/20,671,8,283
Guadeloupe,Guadeloupe,4/26/20,149,12,82
Oman,Oman,4/26/20,1998,10,333
Georgia (country),Georgia,4/26/20,486,6,149
Trinidad and Tobago,Trinidad and Tobago,4/26/20,115,8,28
Ukraine,Ukraine,4/26/20,8617,209,840
Reunion,Reunion,4/26/20,417,0,300
Uzbekistan,Uzbekistan,4/26/20,1869,8,765
Cameroon,Cameroon,4/26/20,1621,56,786
Martinique,Martinique,4/26/20,175,14,77
Liechtenstein,Liechtenstein,4/26/20,82,1,55
Afghanistan,Afghanistan,4/26/20,1531,50,207
Palestine,Palestine,4/26/20,342,2,92
Democratic Republic of the Congo,Democratic Republic of the Congo,4/26/20,442,28,50
Bangladesh,Bangladesh,4/26/20,5416,145,122
Nigeria,Nigeria,4/26/20,1273,40,239
Honduras,Honduras,4/26/20,627,59,65
Bolivia,Bolivia,4/26/20,950,50,80
Paraguay,Paraguay,4/26/20,228,9,85
Cuba,Cuba,4/26/20,1369,54,501
Ghana,Ghana,4/26/20,1550,11,155
French Guiana,French Guiana,4/26/20,111,1,87
Rwanda,Rwanda,4/26/20,191,0,92
Guatemala,Guatemala,4/26/20,500,15,49
Jamaica,Jamaica,4/26/20,350,7,28
Togo,Togo,4/26/20,98,6,62
Kenya,Kenya,4/26/20,355,14,106
Cote d'Ivoire,Cote d'Ivoire,4/26/20,1150,14,468
Maldives,Maldives,4/26/20,214,0,17
Monaco,Monaco,4/26/20,94,3,20
Ethiopia,Ethiopia,4/26/20,123,3,41
Mongolia,Mongolia,4/26/20,38,0,9
Guyana,Guyana,4/26/20,74,8,12
Seychelles,Seychelles,4/26/20,11,0,0
Suriname,Suriname,4/26/20,10,0,0
Gabon,Gabon,4/26/20,176,3,30
French Polynesia,French Polynesia,4/26/20,57,0,35
Namibia,Namibia,4/26/20,16,0,4
Bhutan,Bhutan,4/26/20,7,0,3
Saint Lucia,Saint Lucia,4/26/20,15,0,1
Sudan,Sudan,4/26/20,237,21,20
Nepal,Nepal,4/26/20,52,0,16
Guinea,Guinea,4/26/20,996,7,208
Aruba,Aruba,4/26/20,100,2,68
Jersey,Jersey,4/26/20,2,0,0
Mauritania,Mauritania,4/26/20,7,1,2
Antigua and Barbuda,Antigua and Barbuda,4/26/20,24,3,7
Saint Vincent and the Grenadines,Saint Vincent and the Grenadines,4/26/20,14,0,5
Curacao,Curacao,4/26/20,16,1,11
Greenland,Greenland,4/26/20,11,0,3
Guernsey,Guernsey,4/26/20,1,0,0
Vatican City,Vatican City,4/26/20,9,0,2
Cayman Islands,Cayman Islands,4/26/20,70,1,8
India,India,4/26/20,27890,881,6523
Canada,Canada,4/26/20,46895,2560,17321
Italy,Italy,4/26/20,198000,26644,64928
South Korea,South Korea,4/26/20,10738,243,8764
Spain,Spain,4/26/20,226629,23190,117727
Austria,Austria,4/26/20,15225,542,12282
Belgium,Belgium,4/26/20,46134,7094,10785
Greece,Greece,4/26/20,2517,134,577
Chile,Chile,4/26/20,13331,189,7024
Peru,Peru,4/26/20,27517,728,8088
Argentina,Argentina,4/26/20,3892,192,1107
Brazil,Brazil,4/26/20,61888,4205,30152
Colombia,Colombia,4/26/20,5379,244,1133
Germany,Germany,4/26/20,158247,6046,112000
New York,USA,4/26/20,293696,22365,32344
New Jersey,USA,4/26/20,109038,5938,730
Massachusetts,USA,4/26/20,54938,2899,1299
Illinois,USA,4/26/20,43903,1933,645
California,USA,4/26/20,43720,1723,3621
Pennsylvania,USA,4/26/20,42616,1816,692
Michigan,USA,4/26/20,37778,3315,8342
Florida,USA,4/26/20,31532,1075,174
Louisiana,USA,4/26/20,26773,1729,14927
Connecticut,USA,4/26/20,25269,1924,63
Texas,USA,4/26/20,24968,651,9227
Georgia,USA,4/26/20,23481,916,340
Maryland,USA,4/26/20,18581,910,1152
Ohio,USA,4/26/20,15972,728,448
Indiana,USA,4/26/20,15012,813,1559
Washington,USA,4/26/20,13782,754,1813
Colorado,USA,4/26/20,13441,687,559
Virginia,USA,4/26/20,12970,449,721
Tennessee,USA,4/26/20,9667,181,4558
North Carolina,USA,4/26/20,8997,324,1472
Rhode Island,USA,4/26/20,7439,226,433
Missouri,USA,4/26/20,7120,283,1564
Veteran Affair,USA,4/26/20,6860,424,0
Arizona,USA,4/26/20,6534,275,6
Alabama,USA,4/26/20,6421,219,0
US Military,USA,4/26/20,6213,26,1947
Wisconsin,USA,4/26/20,5911,272,196
Mississippi,USA,4/26/20,5911,227,0
South Carolina,USA,4/26/20,5498,174,0
Iowa,USA,4/26/20,5476,118,1903
Nevada,USA,4/26/20,4734,206,2647
Utah,USA,4/26/20,4123,41,324
Kentucky,USA,4/26/20,4078,208,1174
Delaware,USA,4/26/20,4034,120,911
District of Columbia,USA,4/26/20,3841,178,657
Minnesota,USA,4/26/20,3602,272,1774
Kansas,USA,4/26/20,3277,121,643
Oklahoma,USA,4/26/20,3254,195,2142
Nebraska,USA,4/26/20,3028,56,0
Arkansas,USA,4/26/20,3001,50,989
New Mexico,USA,4/26/20,2726,99,632
Oregon,USA,4/26/20,2311,92,595
South Dakota,USA,4/26/20,2212,11,1257
Idaho,USA,4/26/20,1897,56,867
New Hampshire,USA,4/26/20,1864,60,777
Navajo Nation,USA,4/26/20,1540,58,0
Puerto Rico,USA,4/26/20,1378,84,0
Federal Bureau of Prisons,USA,4/26/20,1118,27,509
West Virginia,USA,4/26/20,1055,34,455
Maine,USA,4/26/20,1015,50,519
North Dakota,USA,4/26/20,867,17,326
Vermont,USA,4/26/20,851,46,0
Hawaii,USA,4/26/20,606,14,488
Wyoming,USA,4/26/20,502,7,334
Montana,USA,4/26/20,448,14,339
Alaska,USA,4/26/20,341,9,217
Guam,USA,4/26/20,141,5,128
Grand Princess,USA,4/26/20,103,3,0
United States Virgin Islands,USA,4/26/20,57,4,51
Diamond Princess,USA,4/26/20,49,0,0
Northern Mariana Islands,USA,4/26/20,14,2,11
Wuhan Evacuee,USA,4/26/20,4,0,0