name,Region,Last Update,Confirmed,Deaths,Recovered
Hubei,Mainland China,1/26/20,1423,76,44
Guangdong,Mainland China,1/26/20,146,0,2
Henan,Mainland China,1/26/20,128,1,0
Zhejiang,Mainland China,1/26/20,128,0,1
Chongqing,Mainland China,1/26/20,110,0,0
Hunan,Mainland China,1/26/20,100,0,0
Anhui,Mainland China,1/26/20,70,0,0
Sichuan,Mainland China,1/26/20,69,0,0
Beijing,Mainland China,1/26/20,68,0,2
Shandong,Mainland China,1/26/20,63,0,0
Shanghai,Mainland China,1/26/20,53,1,1
Jiangxi,Mainland China,1/26/20,48,0,0
Jiangsu,Mainland China,1/26/20,47,0,1
Guangxi,Mainland China,1/26/20,46,0,0
Fujian,Mainland China,1/26/20,35,0,0
Liaoning,Mainland China,1/26/20,23,0,0
Hainan,Mainland China,1/26/20,22,0,0
Shaanxi,Mainland China,1/26/20,22,0,0
Heilongjiang,Mainland China,1/26/20,21,1,0
Yunnan,Mainland China,1/26/20,19,0,0
Hebei,Mainland China,1/26/20,18,1,0
Gansu,Mainland China,1/26/20,14,0,0
Tianjin,Mainland China,1/26/20,14,0,0
Shanxi,Mainland China,1/26/20,13,0,0
Nei Mongol,Mainland China,1/26/20,11,0,0
Hong Kong,Hong Kong,1/26/20,8,0,0
Thailand,Thailand,1/26/20,8,0,2
Guizhou,Mainland China,1/26/20,7,0,0
Jilin,Mainland China,1/26/20,6,0,0
Macau,Macau,1/26/20,6,0,0
Xinjiang Uygur,Mainland China,1/26/20,5,0,0
Australia,Australia,1/26/20,4,0,0
Japan,Japan,1/26/20,4,0,1
Malaysia,Malaysia,1/26/20,4,0,0
Ningxia,Mainland China,1/26/20,4,0,0
Qinghai,Mainland China,1/26/20,4,0,0
Singapore,Singapore,1/26/20,4,0,0
Taiwan,Taiwan,1/26/20,4,0,0
France,France,1/26/20,3,0,0
South Korea,South Korea,1/26/20,3,0,0
California,USA,1/26/20,2,0,0
Vietnam,Vietnam,1/26/20,2,0,0
Arizona,USA,1/26/20,1,0,0
Canada,Canada,1/26/20,1,0,0
Illinois,USA,1/26/20,1,0,0
Nepal,Nepal,1/26/20,1,0,0
Washington,USA,1/26/20,1,0,0