name,Region,Last Update,Confirmed,Deaths,Recovered
Hubei,Mainland China,4/9/20,67803,3207,63762
Guangdong,Mainland China,4/9/20,1539,8,1423
Henan,Mainland China,4/9/20,1276,22,1251
Zhejiang,Mainland China,4/9/20,1267,1,1235
Hunan,Mainland China,4/9/20,1019,4,1014
Anhui,Mainland China,4/9/20,991,6,984
Jiangxi,Mainland China,4/9/20,937,1,934
Shandong,Mainland China,4/9/20,783,7,755
Jiangsu,Mainland China,4/9/20,651,0,632
Chongqing,Mainland China,4/9/20,579,6,570
Sichuan,Mainland China,4/9/20,560,3,541
Beijing,Mainland China,4/9/20,588,8,455
Heilongjiang,Mainland China,4/9/20,609,13,470
Shanghai,Mainland China,4/9/20,552,7,422
Hebei,Mainland China,4/9/20,327,6,310
Hong Kong,Hong Kong,4/9/20,973,4,293
Fujian,Mainland China,4/9/20,351,1,305
Guangxi,Mainland China,4/9/20,254,2,252
Shaanxi,Mainland China,4/9/20,256,3,245
Yunnan,Mainland China,4/9/20,184,2,172
Taiwan,Taiwan,4/9/20,380,5,67
Hainan,Mainland China,4/9/20,168,6,162
Guizhou,Mainland China,4/9/20,146,2,144
Tianjin,Mainland China,4/9/20,182,3,152
Gansu,Mainland China,4/9/20,139,2,132
Shanxi,Mainland China,4/9/20,166,0,134
Liaoning,Mainland China,4/9/20,144,2,130
Jilin,Mainland China,4/9/20,98,1,92
Xinjiang Uygur,Mainland China,4/9/20,76,3,73
Nei Mongol,Mainland China,4/9/20,126,1,79
Ningxia,Mainland China,4/9/20,75,0,75
Macau,Macau,4/9/20,45,0,10
Qinghai,Mainland China,4/9/20,18,0,18
Xizang,Mainland China,4/9/20,1,0,1
Sao Tome and Principe,Sao Tome and Principe,4/9/20,4,0,0
Saint Pierre and Miquelon,Saint Pierre and Miquelon,4/9/20,1,0,0
South Sudan,South Sudan,4/9/20,3,0,0
Falkland Islands (Islas Malvinas),Falkland Islands (Islas Malvinas),4/9/20,2,0,0
Malawi,Malawi,4/9/20,8,1,0
Burundi,Burundi,4/9/20,3,0,0
Sierra Leone,Sierra Leone,4/9/20,7,0,0
Botswana,Botswana,4/9/20,13,1,0
Anguilla,Anguilla,4/9/20,3,0,0
Saint Barthelemy,Saint Barthelemy,4/9/20,6,0,1
Bermuda,Bermuda,4/9/20,48,4,25
Faroe Islands,Faroe Islands,4/9/20,184,0,129
Gibraltar,Gibraltar,4/9/20,123,0,60
Isle of Man,Isle of Man,4/9/20,190,1,92
Saint Martin,Saint Martin,4/9/20,32,2,7
Montserrat,Montserrat,4/9/20,9,0,0
Mayotte,Mayotte,4/9/20,184,2,22
New Caledonia,New Caledonia,4/9/20,18,0,1
Sint Maarten,Sint Maarten,4/9/20,25,4,6
Turks and Caicos Islands,Turks and Caicos Islands,4/9/20,8,1,0
Republic of the Congo,Republic of the Congo,4/9/20,60,5,5
Angola,Angola,4/9/20,19,2,2
Benin,Benin,4/9/20,26,1,5
Bahamas,Bahamas,4/9/20,41,8,5
Belize,Belize,4/9/20,9,1,0
Barbados,Barbados,4/9/20,66,3,11
Central African Republic,Central African Republic,4/9/20,8,0,0
Cabo Verde,Cabo Verde,4/9/20,7,1,0
Djibouti,Djibouti,4/9/20,140,1,28
Dominica,Dominica,4/9/20,15,0,1
Eritrea,Eritrea,4/9/20,33,0,0
Fiji,Fiji,4/9/20,15,0,0
Gambia,Gambia,4/9/20,4,1,0
Guinea-Bissau,Guinea-Bissau,4/9/20,36,0,0
Equatorial Guinea,Equatorial Guinea,4/9/20,18,0,3
Grenada,Grenada,4/9/20,12,0,0
Haiti,Haiti,4/9/20,30,2,0
Kyrgyzstan,Kyrgyzstan,4/9/20,280,4,35
Saint Kitts and Nevis,Saint Kitts and Nevis,4/9/20,11,0,0
Laos,Laos,4/9/20,16,0,0
Liberia,Liberia,4/9/20,31,4,3
Libya,Libya,4/9/20,24,1,8
Madagascar,Madagascar,4/9/20,93,0,11
Mali,Mali,4/9/20,74,7,22
Montenegro,Montenegro,4/9/20,252,2,4
Mozambique,Mozambique,4/9/20,17,0,1
Mauritius,Mauritius,4/9/20,314,7,19
Niger,Niger,4/9/20,410,11,40
Nicaragua,Nicaragua,4/9/20,7,1,0
Papua New Guinea,Papua New Guinea,4/9/20,2,0,0
El Salvador,El Salvador,4/9/20,103,5,10
Somalia,Somalia,4/9/20,12,1,1
Kosovo,Kosovo,4/9/20,184,5,30
Syria,Syria,4/9/20,19,2,2
Chad,Chad,4/9/20,11,0,2
Timor-Leste,Timor-Leste,4/9/20,1,0,0
Tanzania,Tanzania,4/9/20,25,1,5
Uganda,Uganda,4/9/20,53,0,0
Zambia,Zambia,4/9/20,39,1,0
Zimbabwe,Zimbabwe,4/9/20,11,2,0
Italy,Italy,4/9/20,143626,18279,28470
Spain,Spain,4/9/20,153222,15447,52165
Iran,Iran,4/9/20,66220,4110,32309
France,France,4/9/20,117749,12210,23206
South Korea,South Korea,4/9/20,10423,204,6973
Switzerland,Switzerland,4/9/20,24051,948,10600
United Kingdom,United Kingdom,4/9/20,65077,7978,135
Netherlands,Netherlands,4/9/20,21762,2396,6
Austria,Austria,4/9/20,13244,295,5240
Belgium,Belgium,4/9/20,24983,2523,5164
Norway,Norway,4/9/20,6219,108,32
Portugal,Portugal,4/9/20,13956,409,205
Sweden,Sweden,4/9/20,9141,793,205
Australia,Australia,4/9/20,6108,51,1472
Denmark,Denmark,4/9/20,5635,237,1736
Malaysia,Malaysia,4/9/20,4228,67,1608
Israel,Israel,4/9/20,9968,86,1011
Turkey,Turkey,4/9/20,42282,908,2142
Czech Republic,Czech Republic,4/9/20,5569,112,301
Japan,Japan,4/9/20,4667,94,632
Ireland,Ireland,4/9/20,6574,263,25
Pakistan,Pakistan,4/9/20,4489,63,572
Luxembourg,Luxembourg,4/9/20,3115,52,500
Ecuador,Ecuador,4/9/20,4965,272,339
Thailand,Thailand,4/9/20,2423,32,940
Finland,Finland,4/9/20,2605,40,300
Others,Japan (Diamond Princess),4/9/20,706,6,10
Poland,Poland,4/9/20,5575,174,284
Iceland,Iceland,4/9/20,1648,6,688
Indonesia,Indonesia,4/9/20,3293,280,252
Romania,Romania,4/9/20,5202,229,647
Saudi Arabia,Saudi Arabia,4/9/20,3287,44,666
Singapore,Singapore,4/9/20,1910,6,406
Qatar,Qatar,4/9/20,2376,6,206
Philippines,Philippines,4/9/20,4076,203,124
Slovenia,Slovenia,4/9/20,1124,43,128
Russia,Russia,4/9/20,10131,76,698
South Africa,South Africa,4/9/20,1934,18,95
Estonia,Estonia,4/9/20,1207,24,83
Bahrain,Bahrain,4/9/20,887,5,519
Egypt,Egypt,4/9/20,1699,118,348
Mexico,Mexico,4/9/20,3181,174,633
Croatia,Croatia,4/9/20,1407,20,219
Panama,Panama,4/9/20,2752,66,16
Lebanon,Lebanon,4/9/20,582,19,62
Iraq,Iraq,4/9/20,1232,69,496
Serbia,Serbia,4/9/20,2867,66,0
Dominican Republic,Dominican Republic,4/9/20,2349,118,80
Algeria,Algeria,4/9/20,1666,235,347
Armenia,Armenia,4/9/20,921,10,138
Kuwait,Kuwait,4/9/20,910,1,111
Bulgaria,Bulgaria,4/9/20,618,24,48
Slovakia,Slovakia,4/9/20,701,2,16
San Marino,San Marino,4/9/20,333,34,49
United Arab Emirates,United Arab Emirates,4/9/20,2990,14,268
Latvia,Latvia,4/9/20,493,0,31
Uruguay,Uruguay,4/9/20,456,7,192
Hungary,Hungary,4/9/20,980,66,96
Lithuania,Lithuania,4/9/20,955,15,8
Costa Rica,Costa Rica,4/9/20,539,3,30
North Macedonia,North Macedonia,4/9/20,663,30,37
Vietnam,Vietnam,4/9/20,255,0,128
Andorra,Andorra,4/9/20,583,25,58
Morocco,Morocco,4/9/20,1374,97,109
Jordan,Jordan,4/9/20,372,7,161
Cyprus,Cyprus,4/9/20,426,11,28
Moldova,Moldova,4/9/20,1289,29,50
Bosnia and Herzegovina,Bosnia and Herzegovina,4/9/20,858,35,101
Malta,Malta,4/9/20,337,2,16
Albania,Albania,4/9/20,409,22,165
Brunei,Brunei,4/9/20,135,1,66
Cambodia,Cambodia,4/9/20,119,0,63
Sri Lanka,Sri Lanka,4/9/20,190,7,49
Belarus,Belarus,4/9/20,1486,16,139
Tunisia,Tunisia,4/9/20,643,25,25
Burkina Faso,Burkina Faso,4/9/20,443,24,146
Venezuela,Venezuela,4/9/20,171,9,84
New Zealand,New Zealand,4/9/20,1239,1,317
Azerbaijan,Azerbaijan,4/9/20,926,9,101
Kazakhstan,Kazakhstan,4/9/20,781,8,60
Senegal,Senegal,4/9/20,250,2,123
Guadeloupe,Guadeloupe,4/9/20,143,8,67
Oman,Oman,4/9/20,457,2,109
Georgia (country),Georgia,4/9/20,218,3,50
Trinidad and Tobago,Trinidad and Tobago,4/9/20,109,8,1
Ukraine,Ukraine,4/9/20,1892,57,45
Reunion,Reunion,4/9/20,362,0,40
Uzbekistan,Uzbekistan,4/9/20,582,3,38
Cameroon,Cameroon,4/9/20,730,10,60
Martinique,Martinique,4/9/20,154,6,50
Liechtenstein,Liechtenstein,4/9/20,78,1,55
Afghanistan,Afghanistan,4/9/20,484,15,32
Palestine,Palestine,4/9/20,263,1,44
Democratic Republic of the Congo,Democratic Republic of the Congo,4/9/20,180,18,9
Bangladesh,Bangladesh,4/9/20,330,21,33
Nigeria,Nigeria,4/9/20,288,7,51
Honduras,Honduras,4/9/20,343,23,6
Bolivia,Bolivia,4/9/20,264,18,2
Paraguay,Paraguay,4/9/20,124,5,18
Cuba,Cuba,4/9/20,515,15,28
Ghana,Ghana,4/9/20,313,6,34
French Guiana,French Guiana,4/9/20,83,0,43
Rwanda,Rwanda,4/9/20,113,0,7
Guatemala,Guatemala,4/9/20,95,3,17
Jamaica,Jamaica,4/9/20,63,3,8
Togo,Togo,4/9/20,73,3,24
Kenya,Kenya,4/9/20,184,7,12
Cote d'Ivoire,Cote d'Ivoire,4/9/20,444,3,52
Maldives,Maldives,4/9/20,19,0,13
Monaco,Monaco,4/9/20,84,1,5
Ethiopia,Ethiopia,4/9/20,56,2,4
Mongolia,Mongolia,4/9/20,16,0,4
Guyana,Guyana,4/9/20,37,6,8
Seychelles,Seychelles,4/9/20,11,0,0
Suriname,Suriname,4/9/20,10,0,0
Gabon,Gabon,4/9/20,44,1,1
French Polynesia,French Polynesia,4/9/20,51,0,0
Namibia,Namibia,4/9/20,16,0,3
Bhutan,Bhutan,4/9/20,5,0,1
Saint Lucia,Saint Lucia,4/9/20,14,0,1
Sudan,Sudan,4/9/20,15,2,2
Nepal,Nepal,4/9/20,9,0,1
Guinea,Guinea,4/9/20,194,0,11
Aruba,Aruba,4/9/20,82,0,20
Jersey,Jersey,4/9/20,2,0,0
Mauritania,Mauritania,4/9/20,7,1,2
Antigua and Barbuda,Antigua and Barbuda,4/9/20,19,1,0
Saint Vincent and the Grenadines,Saint Vincent and the Grenadines,4/9/20,12,0,1
Curacao,Curacao,4/9/20,14,1,7
Greenland,Greenland,4/9/20,11,0,3
Guernsey,Guernsey,4/9/20,1,0,0
Vatican City,Vatican City,4/9/20,8,0,2
Cayman Islands,Cayman Islands,4/9/20,45,1,6
India,India,4/9/20,6725,227,635
Canada,Canada,4/9/20,20765,509,5311
Argentina,Argentina,4/9/20,1894,79,365
Peru,Peru,4/9/20,5255,138,1438
Chile,Chile,4/9/20,5972,57,1274
Brazil,Brazil,4/9/20,17857,941,127
Colombia,Colombia,4/9/20,2223,69,174
Germany,Germany,4/9/20,118266,2566,46300
Greece,Greece,4/9/20,1955,86,269
US Military,USA,4/9/20,3160,8,224
New York,USA,4/9/20,161807,7067,16234
New Jersey,USA,4/9/20,51027,1709,51
Michigan,USA,4/9/20,21504,1076,94
California,USA,4/9/20,20169,547,705
Massachusetts,USA,4/9/20,18941,503,729
Pennsylvania,USA,4/9/20,18633,365,170
Louisiana,USA,4/9/20,18283,702,0
Florida,USA,4/9/20,16826,371,0
Illinois,USA,4/9/20,16424,529,158
Texas,USA,4/9/20,11483,223,1365
Georgia,USA,4/9/20,10885,412,0
Connecticut,USA,4/9/20,9784,380,0
Washington,USA,4/9/20,9753,457,1076
Indiana,USA,4/9/20,6351,245,28
Colorado,USA,4/9/20,6202,226,0
Maryland,USA,4/9/20,6185,138,288
Ohio,USA,4/9/20,5512,213,0
Tennessee,USA,4/9/20,4634,94,627
Virginia,USA,4/9/20,4042,109,2
North Carolina,USA,4/9/20,3844,82,281
Missouri,USA,4/9/20,3624,92,108
Arizona,USA,4/9/20,3018,89,3
Wisconsin,USA,4/9/20,2890,111,84
Alabama,USA,4/9/20,2838,78,0
South Carolina,USA,4/9/20,2793,67,0
Nevada,USA,4/9/20,2456,81,48
Mississippi,USA,4/9/20,2260,76,0
Utah,USA,4/9/20,1977,13,26
Rhode Island,USA,4/9/20,1727,43,0
Oklahoma,USA,4/9/20,1686,80,409
District of Columbia,USA,4/9/20,1523,32,393
Kentucky,USA,4/9/20,1452,73,306
Idaho,USA,4/9/20,1354,24,0
Oregon,USA,4/9/20,1321,44,0
Iowa,USA,4/9/20,1270,29,476
Minnesota,USA,4/9/20,1242,50,675
Delaware,USA,4/9/20,1209,23,159
Arkansas,USA,4/9/20,1146,21,305
Kansas,USA,4/9/20,1117,42,4
New Mexico,USA,4/9/20,989,17,171
New Hampshire,USA,4/9/20,819,21,227
Puerto Rico,USA,4/9/20,683,33,0
Vermont,USA,4/9/20,628,23,0
Nebraska,USA,4/9/20,577,15,0
Maine,USA,4/9/20,560,16,202
Navajo Nation,USA,4/9/20,558,22,0
West Virginia,USA,4/9/20,524,5,0
South Dakota,USA,4/9/20,447,6,161
Hawaii,USA,4/9/20,442,6,251
Montana,USA,4/9/20,354,6,157
North Dakota,USA,4/9/20,269,5,101
Wyoming,USA,4/9/20,239,0,101
Alaska,USA,4/9/20,235,7,49
Guam,USA,4/9/20,128,4,31
Grand Princess,USA,4/9/20,103,3,0
United States Virgin Islands,USA,4/9/20,50,1,43
Diamond Princess,USA,4/9/20,49,0,0
Northern Mariana Islands,USA,4/9/20,11,2,0
Wuhan Evacuee,USA,4/9/20,4,0,0