name,Region,Last Update,Confirmed,Deaths,Recovered
Hubei,Mainland China,2/4/20,16678,479,522
Zhejiang,Mainland China,2/4/20,895,0,63
Guangdong,Mainland China,2/4/20,870,0,32
Henan,Mainland China,2/4/20,764,2,41
Hunan,Mainland China,2/4/20,661,0,35
Jiangxi,Mainland China,2/4/20,548,0,27
Anhui,Mainland China,2/4/20,530,0,20
Chongqing,Mainland China,2/4/20,366,2,14
Jiangsu,Mainland China,2/4/20,341,0,13
Sichuan,Mainland China,2/4/20,301,1,23
Shandong,Mainland China,2/4/20,298,0,13
Shanghai,Mainland China,2/4/20,233,1,12
Beijing,Mainland China,2/4/20,228,1,23
Fujian,Mainland China,2/4/20,194,0,3
Heilongjiang,Mainland China,2/4/20,190,2,4
Shaanxi,Mainland China,2/4/20,165,0,2
Guangxi,Mainland China,2/4/20,150,0,10
Hebei,Mainland China,2/4/20,135,1,4
Yunnan,Mainland China,2/4/20,122,0,5
Hainan,Mainland China,2/4/20,91,1,4
Liaoning,Mainland China,2/4/20,81,0,2
Shanxi,Mainland China,2/4/20,81,0,4
Tianjin,Mainland China,2/4/20,67,0,2
Guizhou,Mainland China,2/4/20,64,0,5
Gansu,Mainland China,2/4/20,57,0,4
Jilin,Mainland China,2/4/20,54,0,1
Nei Mongol,Mainland China,2/4/20,42,0,1
Ningxia,Mainland China,2/4/20,34,0,1
Xinjiang Uygur,Mainland China,2/4/20,32,0,0
Thailand,Thailand,2/4/20,25,0,5
Singapore,Singapore,2/4/20,24,0,0
Japan,Japan,2/4/20,22,0,1
Hong Kong,Hong Kong,2/4/20,18,1,0
Qinghai,Mainland China,2/4/20,17,0,0
South Korea,South Korea,2/4/20,16,0,0
Australia,Australia,2/4/20,13,0,2
Germany,Germany,2/4/20,12,0,0
Taiwan,Taiwan,2/4/20,11,0,0
Macau,Macau,2/4/20,10,0,0
Malaysia,Malaysia,2/4/20,10,0,0
Vietnam,Vietnam,2/4/20,8,0,1
France,France,2/4/20,6,0,0
United Arab Emirates,United Arab Emirates,2/4/20,5,0,0
Canada,Canada,2/4/20,4,0,0
India,India,2/4/20,3,0,0
California,USA,2/4/20,6,0,0
Illinois,USA,2/4/20,2,0,0
Italy,Italy,2/4/20,2,0,0
Philippines,Philippines,2/4/20,2,1,0
Russia,Russia,2/4/20,2,0,0
United Kingdom,United Kingdom,2/4/20,2,0,0
Arizona,USA,2/4/20,1,0,0
Belgium,Belgium,2/4/20,1,0,0
Cambodia,Cambodia,2/4/20,1,0,0
Finland,Finland,2/4/20,1,0,0
Massachusetts,USA,2/4/20,1,0,0
Nepal,Nepal,2/4/20,1,0,0
Spain,Spain,2/4/20,1,0,0
Sri Lanka,Sri Lanka,2/4/20,1,0,0
Sweden,Sweden,2/4/20,1,0,0
Xizang,Mainland China,2/4/20,1,0,0
Washington,USA,2/4/20,1,0,0