name,Region,Last Update,Confirmed,Deaths,Recovered
Hubei,Mainland China,4/23/20,68128,4512,63569
Guangdong,Mainland China,4/23/20,1585,8,1528
Henan,Mainland China,4/23/20,1276,22,1254
Zhejiang,Mainland China,4/23/20,1268,1,1246
Hunan,Mainland China,4/23/20,1019,4,1014
Anhui,Mainland China,4/23/20,991,6,984
Jiangxi,Mainland China,4/23/20,937,1,936
Shandong,Mainland China,4/23/20,787,7,761
Jiangsu,Mainland China,4/23/20,653,0,643
Chongqing,Mainland China,4/23/20,579,6,570
Sichuan,Mainland China,4/23/20,561,3,553
Beijing,Mainland China,4/23/20,593,8,509
Heilongjiang,Mainland China,4/23/20,928,13,485
Shanghai,Mainland China,4/23/20,641,7,533
Hebei,Mainland China,4/23/20,328,6,316
Hong Kong,Hong Kong,4/23/20,1035,4,699
Fujian,Mainland China,4/23/20,355,1,336
Guangxi,Mainland China,4/23/20,254,2,252
Shaanxi,Mainland China,4/23/20,279,3,253
Yunnan,Mainland China,4/23/20,184,2,177
Taiwan,Taiwan,4/23/20,427,6,253
Hainan,Mainland China,4/23/20,168,6,162
Guizhou,Mainland China,4/23/20,147,2,145
Tianjin,Mainland China,4/23/20,189,3,173
Gansu,Mainland China,4/23/20,139,2,137
Shanxi,Mainland China,4/23/20,197,0,135
Liaoning,Mainland China,4/23/20,146,2,140
Jilin,Mainland China,4/23/20,108,1,99
Xinjiang Uygur,Mainland China,4/23/20,76,3,73
Nei Mongol,Mainland China,4/23/20,194,1,104
Ningxia,Mainland China,4/23/20,75,0,75
Macau,Macau,4/23/20,45,0,16
Qinghai,Mainland China,4/23/20,18,0,18
Xizang,Mainland China,4/23/20,1,0,1
Yemen,Yemen,4/23/20,1,0,0
Sao Tome and Principe,Sao Tome and Principe,4/23/20,4,0,0
Saint Pierre and Miquelon,Saint Pierre and Miquelon,4/23/20,1,0,0
South Sudan,South Sudan,4/23/20,4,0,0
Falkland Islands (Islas Malvinas),Falkland Islands (Islas Malvinas),4/23/20,2,0,0
Malawi,Malawi,4/23/20,33,3,3
Burundi,Burundi,4/23/20,11,1,4
Sierra Leone,Sierra Leone,4/23/20,64,1,10
Botswana,Botswana,4/23/20,22,1,0
Anguilla,Anguilla,4/23/20,3,0,0
Saint Barthelemy,Saint Barthelemy,4/23/20,6,0,1
Bermuda,Bermuda,4/23/20,99,5,39
Faroe Islands,Faroe Islands,4/23/20,187,0,178
Gibraltar,Gibraltar,4/23/20,133,0,129
Isle of Man,Isle of Man,4/23/20,307,9,200
Saint Martin,Saint Martin,4/23/20,38,2,19
Montserrat,Montserrat,4/23/20,11,0,1
Mayotte,Mayotte,4/23/20,326,4,125
New Caledonia,New Caledonia,4/23/20,18,0,1
Sint Maarten,Sint Maarten,4/23/20,73,12,22
Turks and Caicos Islands,Turks and Caicos Islands,4/23/20,11,1,0
Republic of the Congo,Republic of the Congo,4/23/20,186,6,16
Angola,Angola,4/23/20,25,2,6
Benin,Benin,4/23/20,54,1,27
Bahamas,Bahamas,4/23/20,72,11,14
Belize,Belize,4/23/20,18,2,0
Barbados,Barbados,4/23/20,76,6,27
Central African Republic,Central African Republic,4/23/20,16,0,10
Cabo Verde,Cabo Verde,4/23/20,82,1,1
Djibouti,Djibouti,4/23/20,986,2,252
Dominica,Dominica,4/23/20,16,0,8
Eritrea,Eritrea,4/23/20,39,0,3
Fiji,Fiji,4/23/20,18,0,3
Gambia,Gambia,4/23/20,10,1,2
Guinea-Bissau,Guinea-Bissau,4/23/20,50,0,3
Equatorial Guinea,Equatorial Guinea,4/23/20,84,1,7
Grenada,Grenada,4/23/20,15,0,6
Haiti,Haiti,4/23/20,72,5,2
Kyrgyzstan,Kyrgyzstan,4/23/20,631,8,302
Saint Kitts and Nevis,Saint Kitts and Nevis,4/23/20,15,0,0
Laos,Laos,4/23/20,19,0,0
Liberia,Liberia,4/23/20,101,8,7
Libya,Libya,4/23/20,60,1,15
Madagascar,Madagascar,4/23/20,121,0,39
Mali,Mali,4/23/20,309,21,77
Montenegro,Montenegro,4/23/20,316,5,116
Mozambique,Mozambique,4/23/20,46,0,9
Mauritius,Mauritius,4/23/20,331,9,266
Niger,Niger,4/23/20,671,24,256
Nicaragua,Nicaragua,4/23/20,11,3,7
Papua New Guinea,Papua New Guinea,4/23/20,8,0,0
El Salvador,El Salvador,4/23/20,250,8,67
Somalia,Somalia,4/23/20,328,16,8
Kosovo,Kosovo,4/23/20,510,12,93
Syria,Syria,4/23/20,42,3,6
Chad,Chad,4/23/20,33,0,8
Timor-Leste,Timor-Leste,4/23/20,23,0,1
Tanzania,Tanzania,4/23/20,284,10,11
Uganda,Uganda,4/23/20,74,0,46
Zambia,Zambia,4/23/20,76,3,37
Zimbabwe,Zimbabwe,4/23/20,28,3,2
Iran,Iran,4/23/20,87026,5481,64843
France,France,4/23/20,158183,21856,42088
Switzerland,Switzerland,4/23/20,28496,1509,19900
United Kingdom,United Kingdom,4/23/20,139246,18791,712
Netherlands,Netherlands,4/23/20,35921,4192,6
Norway,Norway,4/23/20,7401,194,32
Portugal,Portugal,4/23/20,22353,820,1201
Sweden,Sweden,4/23/20,16755,2021,550
Australia,Australia,4/23/20,6656,75,5045
Denmark,Denmark,4/23/20,8073,384,5087
Malaysia,Malaysia,4/23/20,5603,95,3542
Israel,Israel,4/23/20,14803,192,5611
Turkey,Turkey,4/23/20,101790,2491,18491
Czech Republic,Czech Republic,4/23/20,7187,210,2152
Japan,Japan,4/23/20,12368,328,1494
Ireland,Ireland,4/23/20,17607,794,9233
Pakistan,Pakistan,4/23/20,11057,235,2337
Luxembourg,Luxembourg,4/23/20,3665,83,728
Ecuador,Ecuador,4/23/20,11183,560,1328
Thailand,Thailand,4/23/20,2839,50,2430
Finland,Finland,4/23/20,4284,149,2000
Others,Japan (Diamond Princess),4/23/20,706,6,10
Poland,Poland,4/23/20,10511,454,1740
Iceland,Iceland,4/23/20,1789,10,1509
Indonesia,Indonesia,4/23/20,7775,647,960
Romania,Romania,4/23/20,10096,527,2478
Saudi Arabia,Saudi Arabia,4/23/20,13930,121,1925
Singapore,Singapore,4/23/20,11178,12,896
Qatar,Qatar,4/23/20,7764,10,750
Philippines,Philippines,4/23/20,6981,462,722
Slovenia,Slovenia,4/23/20,1366,79,211
Russia,Russia,4/23/20,62773,555,4891
South Africa,South Africa,4/23/20,3953,75,1473
Estonia,Estonia,4/23/20,1592,45,192
Bahrain,Bahrain,4/23/20,2217,8,1082
Egypt,Egypt,4/23/20,3891,287,1004
Mexico,Mexico,4/23/20,11633,1069,2627
Croatia,Croatia,4/23/20,1981,50,883
Panama,Panama,4/23/20,5166,146,271
Lebanon,Lebanon,4/23/20,688,22,140
Iraq,Iraq,4/23/20,1677,83,1171
Serbia,Serbia,4/23/20,6630,125,870
Dominican Republic,Dominican Republic,4/23/20,5543,265,581
Algeria,Algeria,4/23/20,3007,407,1355
Armenia,Armenia,4/23/20,1523,24,659
Kuwait,Kuwait,4/23/20,2399,14,498
Bulgaria,Bulgaria,4/23/20,1097,52,190
Slovakia,Slovakia,4/23/20,1325,15,288
San Marino,San Marino,4/23/20,501,40,63
United Arab Emirates,United Arab Emirates,4/23/20,8756,56,1637
Latvia,Latvia,4/23/20,778,11,133
Uruguay,Uruguay,4/23/20,557,12,354
Hungary,Hungary,4/23/20,2284,239,390
Lithuania,Lithuania,4/23/20,1398,38,399
Costa Rica,Costa Rica,4/23/20,687,6,196
North Macedonia,North Macedonia,4/23/20,1300,56,301
Vietnam,Vietnam,4/23/20,268,0,198
Andorra,Andorra,4/23/20,723,37,309
Morocco,Morocco,4/23/20,3568,155,456
Jordan,Jordan,4/23/20,437,7,318
Cyprus,Cyprus,4/23/20,795,13,98
Moldova,Moldova,4/23/20,2926,79,661
Bosnia and Herzegovina,Bosnia and Herzegovina,4/23/20,1413,54,485
Malta,Malta,4/23/20,445,3,204
Albania,Albania,4/23/20,663,27,385
Brunei,Brunei,4/23/20,138,1,115
Cambodia,Cambodia,4/23/20,122,0,98
Sri Lanka,Sri Lanka,4/23/20,368,7,107
Belarus,Belarus,4/23/20,8022,60,938
Tunisia,Tunisia,4/23/20,918,38,190
Burkina Faso,Burkina Faso,4/23/20,616,41,410
Venezuela,Venezuela,4/23/20,311,10,126
New Zealand,New Zealand,4/23/20,1456,17,1095
Azerbaijan,Azerbaijan,4/23/20,1548,20,948
Kazakhstan,Kazakhstan,4/23/20,2289,20,560
Senegal,Senegal,4/23/20,479,6,257
Guadeloupe,Guadeloupe,4/23/20,148,8,73
Oman,Oman,4/23/20,1716,8,307
Georgia (country),Georgia,4/23/20,425,5,111
Trinidad and Tobago,Trinidad and Tobago,4/23/20,115,8,28
Ukraine,Ukraine,4/23/20,7170,187,504
Reunion,Reunion,4/23/20,412,0,238
Uzbekistan,Uzbekistan,4/23/20,1758,7,561
Cameroon,Cameroon,4/23/20,1334,43,668
Martinique,Martinique,4/23/20,164,14,73
Liechtenstein,Liechtenstein,4/23/20,81,1,55
Afghanistan,Afghanistan,4/23/20,1279,42,179
Palestine,Palestine,4/23/20,336,2,92
Democratic Republic of the Congo,Democratic Republic of the Congo,4/23/20,377,25,47
Bangladesh,Bangladesh,4/23/20,4186,127,108
Nigeria,Nigeria,4/23/20,981,31,197
Honduras,Honduras,4/23/20,519,47,31
Bolivia,Bolivia,4/23/20,703,43,44
Paraguay,Paraguay,4/23/20,213,8,62
Cuba,Cuba,4/23/20,1235,43,365
Ghana,Ghana,4/23/20,1154,9,99
French Guiana,French Guiana,4/23/20,107,1,84
Rwanda,Rwanda,4/23/20,154,0,87
Guatemala,Guatemala,4/23/20,342,10,25
Jamaica,Jamaica,4/23/20,257,6,28
Togo,Togo,4/23/20,88,6,56
Kenya,Kenya,4/23/20,320,14,89
Cote d'Ivoire,Cote d'Ivoire,4/23/20,1004,14,359
Maldives,Maldives,4/23/20,108,0,16
Monaco,Monaco,4/23/20,94,3,20
Ethiopia,Ethiopia,4/23/20,116,3,21
Mongolia,Mongolia,4/23/20,35,0,8
Guyana,Guyana,4/23/20,70,7,9
Seychelles,Seychelles,4/23/20,11,0,0
Suriname,Suriname,4/23/20,10,0,0
Gabon,Gabon,4/23/20,167,2,24
French Polynesia,French Polynesia,4/23/20,57,0,35
Namibia,Namibia,4/23/20,16,0,4
Bhutan,Bhutan,4/23/20,7,0,3
Saint Lucia,Saint Lucia,4/23/20,15,0,1
Sudan,Sudan,4/23/20,174,16,14
Nepal,Nepal,4/23/20,48,0,9
Guinea,Guinea,4/23/20,862,6,170
Aruba,Aruba,4/23/20,100,2,68
Jersey,Jersey,4/23/20,2,0,0
Mauritania,Mauritania,4/23/20,7,1,2
Antigua and Barbuda,Antigua and Barbuda,4/23/20,24,3,7
Saint Vincent and the Grenadines,Saint Vincent and the Grenadines,4/23/20,13,0,3
Curacao,Curacao,4/23/20,14,1,10
Greenland,Greenland,4/23/20,11,0,3
Guernsey,Guernsey,4/23/20,1,0,0
Vatican City,Vatican City,4/23/20,9,0,2
Cayman Islands,Cayman Islands,4/23/20,66,1,7
India,India,4/23/20,23039,721,5012
Canada,Canada,4/23/20,40824,2028,14701
Italy,Italy,4/23/20,189973,25549,57776
South Korea,South Korea,4/23/20,10708,240,8501
Spain,Spain,4/23/20,213024,22157,89250
Austria,Austria,4/23/20,15002,522,11694
Belgium,Belgium,4/23/20,42797,6490,9800
Greece,Greece,4/23/20,2463,125,577
Chile,Chile,4/23/20,11812,168,5804
Peru,Peru,4/23/20,20914,572,7422
Argentina,Argentina,4/23/20,3435,165,919
Brazil,Brazil,4/23/20,49492,3313,14026
Colombia,Colombia,4/23/20,4561,215,927
Germany,Germany,4/23/20,153641,5616,103300
New York,USA,4/23/20,271162,20982,31218
New Jersey,USA,4/23/20,100025,5426,730
Massachusetts,USA,4/23/20,46023,2360,1299
California,USA,4/23/20,39561,1533,3582
Pennsylvania,USA,4/23/20,38379,1724,603
Illinois,USA,4/23/20,36937,1688,645
Michigan,USA,4/23/20,35296,2977,3272
Florida,USA,4/23/20,29648,987,174
Louisiana,USA,4/23/20,25739,1599,0
Connecticut,USA,4/23/20,23100,1639,63
Texas,USA,4/23/20,22650,604,8025
Georgia,USA,4/23/20,21883,881,340
Maryland,USA,4/23/20,15737,748,981
Ohio,USA,4/23/20,14694,656,448
Indiana,USA,4/23/20,13039,706,1559
Washington,USA,4/23/20,13014,714,1803
Colorado,USA,4/23/20,11278,552,559
Virginia,USA,4/23/20,10998,373,721
Tennessee,USA,4/23/20,8266,171,4192
North Carolina,USA,4/23/20,7820,281,1302
Missouri,USA,4/23/20,6506,252,1530
Veteran Affair,USA,4/23/20,6273,391,0
Rhode Island,USA,4/23/20,6256,189,342
US Military,USA,4/23/20,5901,25,1710
Alabama,USA,4/23/20,5832,202,0
Arizona,USA,4/23/20,5772,249,6
Mississippi,USA,4/23/20,5153,201,0
Wisconsin,USA,4/23/20,5052,258,196
South Carolina,USA,4/23/20,4917,150,0
Nevada,USA,4/23/20,4208,195,2325
Iowa,USA,4/23/20,3924,96,1492
Utah,USA,4/23/20,3612,35,218
Kentucky,USA,4/23/20,3481,191,1174
District of Columbia,USA,4/23/20,3361,139,648
Delaware,USA,4/23/20,3308,92,643
Oklahoma,USA,4/23/20,3017,179,1886
Minnesota,USA,4/23/20,2942,200,1536
Kansas,USA,4/23/20,2721,113,444
Arkansas,USA,4/23/20,2599,45,898
New Mexico,USA,4/23/20,2379,78,529
Nebraska,USA,4/23/20,2202,47,0
Oregon,USA,4/23/20,2127,83,595
South Dakota,USA,4/23/20,1956,9,1064
Idaho,USA,4/23/20,1836,54,822
New Hampshire,USA,4/23/20,1670,51,551
Puerto Rico,USA,4/23/20,1378,69,0
Navajo Nation,USA,4/23/20,1366,45,0
West Virginia,USA,4/23/20,981,31,360
Federal Bureau of Prisons,USA,4/23/20,977,24,355
Maine,USA,4/23/20,937,44,485
Vermont,USA,4/23/20,825,43,0
North Dakota,USA,4/23/20,709,15,269
Hawaii,USA,4/23/20,596,12,455
Wyoming,USA,4/23/20,453,7,279
Montana,USA,4/23/20,442,14,306
Alaska,USA,4/23/20,337,9,209
Guam,USA,4/23/20,139,5,97
Grand Princess,USA,4/23/20,103,3,0
United States Virgin Islands,USA,4/23/20,54,3,48
Diamond Princess,USA,4/23/20,49,0,0
Northern Mariana Islands,USA,4/23/20,14,2,11
Wuhan Evacuee,USA,4/23/20,4,0,0