name,Region,Last Update,Confirmed,Deaths,Recovered
Hubei,Mainland China,4/7/20,67803,3207,63762
Guangdong,Mainland China,4/7/20,1533,8,1401
Henan,Mainland China,4/7/20,1276,22,1251
Zhejiang,Mainland China,4/7/20,1265,1,1230
Hunan,Mainland China,4/7/20,1019,4,1014
Anhui,Mainland China,4/7/20,990,6,984
Jiangxi,Mainland China,4/7/20,937,1,934
Shandong,Mainland China,4/7/20,781,7,755
Jiangsu,Mainland China,4/7/20,651,0,632
Chongqing,Mainland China,4/7/20,579,6,570
Sichuan,Mainland China,4/7/20,560,3,541
Beijing,Mainland China,4/7/20,587,8,443
Heilongjiang,Mainland China,4/7/20,569,13,470
Shanghai,Mainland China,4/7/20,543,7,406
Hebei,Mainland China,4/7/20,327,6,310
Hong Kong,Hong Kong,4/7/20,935,4,216
Fujian,Mainland China,4/7/20,351,1,305
Guangxi,Mainland China,4/7/20,254,2,252
Shaanxi,Mainland China,4/7/20,256,3,245
Yunnan,Mainland China,4/7/20,184,2,172
Taiwan,Taiwan,4/7/20,376,5,57
Hainan,Mainland China,4/7/20,168,6,162
Guizhou,Mainland China,4/7/20,146,2,144
Tianjin,Mainland China,4/7/20,180,3,140
Gansu,Mainland China,4/7/20,139,2,132
Shanxi,Mainland China,4/7/20,138,0,133
Liaoning,Mainland China,4/7/20,144,2,130
Jilin,Mainland China,4/7/20,98,1,92
Xinjiang Uygur,Mainland China,4/7/20,76,3,73
Nei Mongol,Mainland China,4/7/20,124,1,74
Ningxia,Mainland China,4/7/20,75,0,75
Macau,Macau,4/7/20,44,0,10
Qinghai,Mainland China,4/7/20,18,0,18
Xizang,Mainland China,4/7/20,1,0,1
Sao Tome and Principe,Sao Tome and Principe,4/7/20,4,0,0
Saint Pierre and Miquelon,Saint Pierre and Miquelon,4/7/20,1,0,0
South Sudan,South Sudan,4/7/20,2,0,0
Falkland Islands (Islas Malvinas),Falkland Islands (Islas Malvinas),4/7/20,2,0,0
Malawi,Malawi,4/7/20,8,1,0
Burundi,Burundi,4/7/20,3,0,0
Sierra Leone,Sierra Leone,4/7/20,6,0,0
Botswana,Botswana,4/7/20,6,1,0
Anguilla,Anguilla,4/7/20,3,0,0
Saint Barthelemy,Saint Barthelemy,4/7/20,6,0,1
Bermuda,Bermuda,4/7/20,39,2,17
Faroe Islands,Faroe Islands,4/7/20,184,0,129
Gibraltar,Gibraltar,4/7/20,113,0,60
Isle of Man,Isle of Man,4/7/20,150,1,73
Saint Martin,Saint Martin,4/7/20,32,2,7
Montserrat,Montserrat,4/7/20,9,0,0
Mayotte,Mayotte,4/7/20,171,2,22
New Caledonia,New Caledonia,4/7/20,18,0,1
Sint Maarten,Sint Maarten,4/7/20,25,4,6
Turks and Caicos Islands,Turks and Caicos Islands,4/7/20,8,1,0
Republic of the Congo,Republic of the Congo,4/7/20,45,5,2
Angola,Angola,4/7/20,17,2,2
Benin,Benin,4/7/20,26,1,5
Bahamas,Bahamas,4/7/20,33,5,5
Belize,Belize,4/7/20,7,1,0
Barbados,Barbados,4/7/20,63,3,6
Central African Republic,Central African Republic,4/7/20,8,0,0
Cabo Verde,Cabo Verde,4/7/20,7,1,0
Djibouti,Djibouti,4/7/20,90,0,9
Dominica,Dominica,4/7/20,15,0,1
Eritrea,Eritrea,4/7/20,31,0,0
Fiji,Fiji,4/7/20,15,0,0
Gambia,Gambia,4/7/20,4,1,0
Guinea-Bissau,Guinea-Bissau,4/7/20,33,0,0
Equatorial Guinea,Equatorial Guinea,4/7/20,16,0,1
Grenada,Grenada,4/7/20,12,0,0
Haiti,Haiti,4/7/20,25,1,0
Kyrgyzstan,Kyrgyzstan,4/7/20,228,4,33
Saint Kitts and Nevis,Saint Kitts and Nevis,4/7/20,11,0,0
Laos,Laos,4/7/20,14,0,0
Liberia,Liberia,4/7/20,14,3,3
Libya,Libya,4/7/20,20,1,1
Madagascar,Madagascar,4/7/20,88,0,7
Mali,Mali,4/7/20,56,5,12
Montenegro,Montenegro,4/7/20,241,2,4
Mozambique,Mozambique,4/7/20,10,0,0
Mauritius,Mauritius,4/7/20,268,7,8
Niger,Niger,4/7/20,278,11,26
Nicaragua,Nicaragua,4/7/20,6,1,0
Papua New Guinea,Papua New Guinea,4/7/20,2,0,0
El Salvador,El Salvador,4/7/20,78,4,5
Somalia,Somalia,4/7/20,8,0,1
Kosovo,Kosovo,4/7/20,170,4,24
Syria,Syria,4/7/20,19,2,2
Chad,Chad,4/7/20,10,0,2
Timor-Leste,Timor-Leste,4/7/20,1,0,0
Tanzania,Tanzania,4/7/20,24,1,3
Uganda,Uganda,4/7/20,52,0,0
Zambia,Zambia,4/7/20,39,1,0
Zimbabwe,Zimbabwe,4/7/20,11,2,0
Italy,Italy,4/7/20,135586,17127,24392
Spain,Spain,4/7/20,141942,14045,43208
Iran,Iran,4/7/20,62589,3872,24236
France,France,4/7/20,109069,10328,19337
South Korea,South Korea,4/7/20,10331,192,6694
Switzerland,Switzerland,4/7/20,22253,821,8704
United Kingdom,United Kingdom,4/7/20,55242,6159,135
Netherlands,Netherlands,4/7/20,19580,2101,6
Austria,Austria,4/7/20,12639,243,4046
Belgium,Belgium,4/7/20,22194,2035,4157
Norway,Norway,4/7/20,6086,89,32
Portugal,Portugal,4/7/20,12442,345,184
Sweden,Sweden,4/7/20,7693,591,205
Australia,Australia,4/7/20,5895,45,1080
Denmark,Denmark,4/7/20,5071,203,1491
Malaysia,Malaysia,4/7/20,3963,63,1321
Israel,Israel,4/7/20,9248,65,770
Turkey,Turkey,4/7/20,34109,725,1582
Czech Republic,Czech Republic,4/7/20,5017,88,172
Japan,Japan,4/7/20,4257,93,622
Ireland,Ireland,4/7/20,5709,210,25
Pakistan,Pakistan,4/7/20,4035,57,429
Luxembourg,Luxembourg,4/7/20,2970,44,500
Ecuador,Ecuador,4/7/20,3995,220,140
Thailand,Thailand,4/7/20,2258,27,824
Finland,Finland,4/7/20,2308,34,300
Others,Japan (Diamond Princess),4/7/20,706,6,10
Poland,Poland,4/7/20,4848,129,191
Iceland,Iceland,4/7/20,1586,6,559
Indonesia,Indonesia,4/7/20,2738,221,204
Romania,Romania,4/7/20,4417,197,460
Saudi Arabia,Saudi Arabia,4/7/20,2795,41,615
Singapore,Singapore,4/7/20,1481,6,377
Qatar,Qatar,4/7/20,2057,6,150
Philippines,Philippines,4/7/20,3764,177,84
Slovenia,Slovenia,4/7/20,1059,30,102
Russia,Russia,4/7/20,7497,58,494
South Africa,South Africa,4/7/20,1749,13,95
Estonia,Estonia,4/7/20,1149,21,69
Bahrain,Bahrain,4/7/20,811,4,458
Egypt,Egypt,4/7/20,1450,94,276
Mexico,Mexico,4/7/20,2439,125,633
Croatia,Croatia,4/7/20,1282,18,167
Panama,Panama,4/7/20,2100,55,14
Lebanon,Lebanon,4/7/20,548,19,60
Iraq,Iraq,4/7/20,1122,65,373
Serbia,Serbia,4/7/20,2447,61,0
Dominican Republic,Dominican Republic,4/7/20,1956,98,33
Algeria,Algeria,4/7/20,1468,193,113
Armenia,Armenia,4/7/20,853,8,87
Kuwait,Kuwait,4/7/20,743,1,105
Bulgaria,Bulgaria,4/7/20,577,23,42
Slovakia,Slovakia,4/7/20,581,2,13
San Marino,San Marino,4/7/20,279,34,40
United Arab Emirates,United Arab Emirates,4/7/20,2359,12,186
Latvia,Latvia,4/7/20,493,0,31
Uruguay,Uruguay,4/7/20,424,7,150
Hungary,Hungary,4/7/20,817,47,71
Lithuania,Lithuania,4/7/20,880,15,8
Costa Rica,Costa Rica,4/7/20,483,2,24
North Macedonia,North Macedonia,4/7/20,599,26,30
Vietnam,Vietnam,4/7/20,251,0,123
Andorra,Andorra,4/7/20,545,22,39
Morocco,Morocco,4/7/20,1184,90,93
Jordan,Jordan,4/7/20,353,6,138
Cyprus,Cyprus,4/7/20,426,11,28
Moldova,Moldova,4/7/20,1056,22,40
Bosnia and Herzegovina,Bosnia and Herzegovina,4/7/20,764,33,68
Malta,Malta,4/7/20,293,0,5
Albania,Albania,4/7/20,383,21,131
Brunei,Brunei,4/7/20,135,1,66
Cambodia,Cambodia,4/7/20,115,0,58
Sri Lanka,Sri Lanka,4/7/20,185,6,42
Belarus,Belarus,4/7/20,861,13,54
Tunisia,Tunisia,4/7/20,623,23,25
Burkina Faso,Burkina Faso,4/7/20,384,19,127
Venezuela,Venezuela,4/7/20,166,7,65
New Zealand,New Zealand,4/7/20,1160,1,241
Azerbaijan,Azerbaijan,4/7/20,717,8,44
Kazakhstan,Kazakhstan,4/7/20,697,6,51
Senegal,Senegal,4/7/20,237,2,105
Guadeloupe,Guadeloupe,4/7/20,139,7,31
Oman,Oman,4/7/20,371,2,67
Georgia (country),Georgia,4/7/20,196,3,46
Trinidad and Tobago,Trinidad and Tobago,4/7/20,107,8,1
Ukraine,Ukraine,4/7/20,1462,45,28
Reunion,Reunion,4/7/20,358,0,40
Uzbekistan,Uzbekistan,4/7/20,520,2,30
Cameroon,Cameroon,4/7/20,685,9,60
Martinique,Martinique,4/7/20,152,4,50
Liechtenstein,Liechtenstein,4/7/20,78,1,55
Afghanistan,Afghanistan,4/7/20,423,11,18
Palestine,Palestine,4/7/20,261,1,42
Democratic Republic of the Congo,Democratic Republic of the Congo,4/7/20,180,18,9
Bangladesh,Bangladesh,4/7/20,164,17,33
Nigeria,Nigeria,4/7/20,254,6,44
Honduras,Honduras,4/7/20,305,22,6
Bolivia,Bolivia,4/7/20,194,14,2
Paraguay,Paraguay,4/7/20,115,5,15
Cuba,Cuba,4/7/20,396,11,27
Ghana,Ghana,4/7/20,287,5,31
French Guiana,French Guiana,4/7/20,77,0,34
Rwanda,Rwanda,4/7/20,105,0,4
Guatemala,Guatemala,4/7/20,77,3,17
Jamaica,Jamaica,4/7/20,63,3,8
Togo,Togo,4/7/20,65,3,23
Kenya,Kenya,4/7/20,172,6,7
Cote d'Ivoire,Cote d'Ivoire,4/7/20,349,3,41
Maldives,Maldives,4/7/20,19,0,13
Monaco,Monaco,4/7/20,79,1,4
Ethiopia,Ethiopia,4/7/20,52,2,4
Mongolia,Mongolia,4/7/20,15,0,2
Guyana,Guyana,4/7/20,33,5,8
Seychelles,Seychelles,4/7/20,11,0,0
Suriname,Suriname,4/7/20,10,0,0
Gabon,Gabon,4/7/20,30,1,1
French Polynesia,French Polynesia,4/7/20,47,0,0
Namibia,Namibia,4/7/20,16,0,3
Bhutan,Bhutan,4/7/20,5,0,1
Saint Lucia,Saint Lucia,4/7/20,14,0,1
Sudan,Sudan,4/7/20,14,2,2
Nepal,Nepal,4/7/20,9,0,1
Guinea,Guinea,4/7/20,144,0,5
Aruba,Aruba,4/7/20,74,0,14
Jersey,Jersey,4/7/20,2,0,0
Mauritania,Mauritania,4/7/20,6,1,2
Antigua and Barbuda,Antigua and Barbuda,4/7/20,19,1,0
Saint Vincent and the Grenadines,Saint Vincent and the Grenadines,4/7/20,8,0,1
Curacao,Curacao,4/7/20,13,1,5
Greenland,Greenland,4/7/20,11,0,3
Guernsey,Guernsey,4/7/20,1,0,0
Vatican City,Vatican City,4/7/20,7,0,0
Cayman Islands,Cayman Islands,4/7/20,45,1,6
India,India,4/7/20,5351,160,468
Canada,Canada,4/7/20,17897,380,4028
Argentina,Argentina,4/7/20,1715,60,338
Peru,Peru,4/7/20,2954,107,997
Chile,Chile,4/7/20,5116,43,898
Brazil,Brazil,4/7/20,13717,667,127
Colombia,Colombia,4/7/20,1780,50,100
Germany,Germany,4/7/20,107851,2047,36081
Greece,Greece,4/7/20,1832,79,269
New York,USA,4/7/20,140386,5489,15592
New Jersey,USA,4/7/20,44416,1232,51
Michigan,USA,4/7/20,18970,845,94
California,USA,4/7/20,17625,452,341
Louisiana,USA,4/7/20,16284,582,0
Massachusetts,USA,4/7/20,15202,356,311
Pennsylvania,USA,4/7/20,14956,250,134
Florida,USA,4/7/20,14747,296,0
Illinois,USA,4/7/20,13553,380,26
Texas,USA,4/7/20,9204,176,976
Georgia,USA,4/7/20,9156,348,0
Washington,USA,4/7/20,8982,408,891
Connecticut,USA,4/7/20,7781,277,0
Indiana,USA,4/7/20,5510,173,0
Colorado,USA,4/7/20,5429,179,0
Ohio,USA,4/7/20,4782,167,0
Maryland,USA,4/7/20,4371,103,288
Tennessee,USA,4/7/20,4139,72,356
North Carolina,USA,4/7/20,3347,58,190
Virginia,USA,4/7/20,3335,66,2
Missouri,USA,4/7/20,3209,86,74
Wisconsin,USA,4/7/20,2578,93,1
Arizona,USA,4/7/20,2575,73,3
South Carolina,USA,4/7/20,2417,51,0
Alabama,USA,4/7/20,2197,64,0
Nevada,USA,4/7/20,2131,72,38
Mississippi,USA,4/7/20,1915,60,0
Utah,USA,4/7/20,1739,13,26
Oklahoma,USA,4/7/20,1474,67,409
Rhode Island,USA,4/7/20,1229,30,0
District of Columbia,USA,4/7/20,1211,22,318
Idaho,USA,4/7/20,1210,15,0
Oregon,USA,4/7/20,1181,33,0
Kentucky,USA,4/7/20,1149,65,306
Minnesota,USA,4/7/20,1069,34,549
Iowa,USA,4/7/20,1048,26,89
Arkansas,USA,4/7/20,997,18,189
Kansas,USA,4/7/20,928,29,4
Delaware,USA,4/7/20,928,16,144
New Mexico,USA,4/7/20,794,13,171
New Hampshire,USA,4/7/20,747,13,151
Vermont,USA,4/7/20,575,23,0
Puerto Rico,USA,4/7/20,573,23,0
Maine,USA,4/7/20,519,12,176
Nebraska,USA,4/7/20,478,10,0
Navajo Nation,USA,4/7/20,426,17,0
West Virginia,USA,4/7/20,412,4,0
Hawaii,USA,4/7/20,410,5,72
South Dakota,USA,4/7/20,320,6,98
Montana,USA,4/7/20,319,6,32
North Dakota,USA,4/7/20,237,4,82
Wyoming,USA,4/7/20,221,0,62
Alaska,USA,4/7/20,213,6,29
Guam,USA,4/7/20,121,4,27
Grand Princess,USA,4/7/20,103,3,0
Diamond Princess,USA,4/7/20,49,0,0
United States Virgin Islands,USA,4/7/20,45,1,36
Northern Mariana Islands,USA,4/7/20,8,2,0
Wuhan Evacuee,USA,4/7/20,4,0,0