name,Region,Last Update,Confirmed,Deaths,Recovered
Hubei,Mainland China,2/3/20,13522,414,396
Zhejiang,Mainland China,2/3/20,829,0,48
Guangdong,Mainland China,2/3/20,797,0,21
Henan,Mainland China,2/3/20,675,2,20
Hunan,Mainland China,2/3/20,593,0,22
Anhui,Mainland China,2/3/20,480,0,14
Jiangxi,Mainland China,2/3/20,476,0,19
Chongqing,Mainland China,2/3/20,337,2,9
Jiangsu,Mainland China,2/3/20,308,0,8
Sichuan,Mainland China,2/3/20,282,1,14
Shandong,Mainland China,2/3/20,270,0,7
Beijing,Mainland China,2/3/20,212,1,12
Shanghai,Mainland China,2/3/20,208,1,10
Fujian,Mainland China,2/3/20,179,0,1
Heilongjiang,Mainland China,2/3/20,155,2,2
Shaanxi,Mainland China,2/3/20,142,0,1
Guangxi,Mainland China,2/3/20,139,0,7
Hebei,Mainland China,2/3/20,126,1,3
Yunnan,Mainland China,2/3/20,117,0,5
Hainan,Mainland China,2/3/20,79,1,4
Liaoning,Mainland China,2/3/20,74,0,1
Shanxi,Mainland China,2/3/20,74,0,2
Tianjin,Mainland China,2/3/20,60,0,1
Guizhou,Mainland China,2/3/20,56,0,2
Gansu,Mainland China,2/3/20,55,0,3
Jilin,Mainland China,2/3/20,42,0,1
Nei Mongol,Mainland China,2/3/20,34,0,1
Ningxia,Mainland China,2/3/20,34,0,1
Xinjiang Uygur,Mainland China,2/3/20,29,0,0
Japan,Japan,2/3/20,20,0,1
Thailand,Thailand,2/3/20,19,0,5
Singapore,Singapore,2/3/20,18,0,0
Hong Kong,Hong Kong,2/3/20,15,0,0
Qinghai,Mainland China,2/3/20,15,0,0
South Korea,South Korea,2/3/20,15,0,0
Australia,Australia,2/3/20,12,0,2
Germany,Germany,2/3/20,12,0,0
Taiwan,Taiwan,2/3/20,10,0,0
Macau,Macau,2/3/20,8,0,0
Malaysia,Malaysia,2/3/20,8,0,0
Vietnam,Vietnam,2/3/20,8,0,1
France,France,2/3/20,6,0,0
United Arab Emirates,United Arab Emirates,2/3/20,5,0,0
Canada,Canada,2/3/20,4,0,0
India,India,2/3/20,3,0,0
California,USA,2/3/20,6,0,0
Illinois,USA,2/3/20,2,0,0
Italy,Italy,2/3/20,2,0,0
Philippines,Philippines,2/3/20,2,1,0
Russia,Russia,2/3/20,2,0,0
United Kingdom,United Kingdom,2/3/20,2,0,0
Arizona,USA,2/3/20,1,0,0
Cambodia,Cambodia,2/3/20,1,0,0
Finland,Finland,2/3/20,1,0,0
Massachusetts,USA,2/3/20,1,0,0
Nepal,Nepal,2/3/20,1,0,0
Spain,Spain,2/3/20,1,0,0
Sri Lanka,Sri Lanka,2/3/20,1,0,0
Sweden,Sweden,2/3/20,1,0,0
Xizang,Mainland China,2/3/20,1,0,0
Washington,USA,2/3/20,1,0,0