name,Region,Last Update,Confirmed,Deaths,Recovered
Hubei,Mainland China,3/28/20,67801,3169,61201
Guangdong,Mainland China,3/28/20,1467,8,1341
Henan,Mainland China,3/28/20,1275,22,1250
Zhejiang,Mainland China,3/28/20,1251,1,1225
Hunan,Mainland China,3/28/20,1018,4,1014
Anhui,Mainland China,3/28/20,990,6,984
Jiangxi,Mainland China,3/28/20,936,1,934
Shandong,Mainland China,3/28/20,772,7,752
Jiangsu,Mainland China,3/28/20,641,0,631
Chongqing,Mainland China,3/28/20,578,6,570
Sichuan,Mainland China,3/28/20,548,3,536
Beijing,Mainland China,3/28/20,573,8,410
Heilongjiang,Mainland China,3/28/20,484,13,469
Shanghai,Mainland China,3/28/20,485,5,334
Hebei,Mainland China,3/28/20,319,6,310
Hong Kong,Hong Kong,3/28/20,561,4,111
Fujian,Mainland China,3/28/20,337,1,295
Guangxi,Mainland China,3/28/20,254,2,250
Shaanxi,Mainland China,3/28/20,253,3,242
Yunnan,Mainland China,3/28/20,180,2,172
Taiwan,Taiwan,3/28/20,283,2,30
Hainan,Mainland China,3/28/20,168,6,162
Guizhou,Mainland China,3/28/20,146,2,144
Tianjin,Mainland China,3/28/20,161,3,133
Gansu,Mainland China,3/28/20,136,2,121
Shanxi,Mainland China,3/28/20,135,0,133
Liaoning,Mainland China,3/28/20,132,2,124
Jilin,Mainland China,3/28/20,97,1,92
Xinjiang Uygur,Mainland China,3/28/20,76,3,73
Nei Mongol,Mainland China,3/28/20,94,1,74
Ningxia,Mainland China,3/28/20,75,0,75
Macau,Macau,3/28/20,37,0,10
Qinghai,Mainland China,3/28/20,18,0,18
Xizang,Mainland China,3/28/20,1,0,1
Republic of the Congo,Republic of the Congo,3/28/20,4,0,0
Angola,Angola,3/28/20,5,0,0
Benin,Benin,3/28/20,6,0,0
Bahamas,Bahamas,3/28/20,10,0,1
Belize,Belize,3/28/20,2,0,0
Barbados,Barbados,3/28/20,26,0,0
Central African Republic,Central African Republic,3/28/20,3,0,0
Cabo Verde,Cabo Verde,3/28/20,6,1,0
Djibouti,Djibouti,3/28/20,14,0,0
Dominica,Dominica,3/28/20,11,0,0
Eritrea,Eritrea,3/28/20,6,0,0
Fiji,Fiji,3/28/20,5,0,0
Gambia,Gambia,3/28/20,3,1,0
Guinea-Bissau,Guinea-Bissau,3/28/20,2,0,0
Equatorial Guinea,Equatorial Guinea,3/28/20,12,0,0
Grenada,Grenada,3/28/20,7,0,0
Haiti,Haiti,3/28/20,8,0,0
Kyrgyzstan,Kyrgyzstan,3/28/20,58,0,0
Saint Kitts and Nevis,Saint Kitts and Nevis,3/28/20,2,0,0
Laos,Laos,3/28/20,8,0,0
Liberia,Liberia,3/28/20,3,0,0
Libya,Libya,3/28/20,3,0,0
Madagascar,Madagascar,3/28/20,26,0,0
Mali,Mali,3/28/20,18,0,0
Montenegro,Montenegro,3/28/20,84,1,0
Mozambique,Mozambique,3/28/20,8,0,0
Mauritius,Mauritius,3/28/20,102,2,0
Niger,Niger,3/28/20,10,1,0
Nicaragua,Nicaragua,3/28/20,4,1,0
Papua New Guinea,Papua New Guinea,3/28/20,1,0,0
El Salvador,El Salvador,3/28/20,19,0,0
Somalia,Somalia,3/28/20,3,0,0
Kosovo,Kosovo,3/28/20,91,1,1
Syria,Syria,3/28/20,5,0,0
Chad,Chad,3/28/20,3,0,0
Timor-Leste,Timor-Leste,3/28/20,1,0,0
Tanzania,Tanzania,3/28/20,14,0,1
Uganda,Uganda,3/28/20,30,0,0
Zambia,Zambia,3/28/20,28,0,0
Zimbabwe,Zimbabwe,3/28/20,7,1,0
Italy,Italy,3/28/20,92472,10023,12384
Spain,Spain,3/28/20,73235,5982,12285
Iran,Iran,3/28/20,35408,2517,11679
France,France,3/28/20,37575,2314,5700
South Korea,South Korea,3/28/20,9478,144,4811
Switzerland,Switzerland,3/28/20,14076,264,1530
United Kingdom,United Kingdom,3/28/20,17089,1019,135
Netherlands,Netherlands,3/28/20,9762,639,3
Austria,Austria,3/28/20,8271,68,225
Belgium,Belgium,3/28/20,9134,353,1063
Norway,Norway,3/28/20,4015,23,7
Portugal,Portugal,3/28/20,5170,100,43
Sweden,Sweden,3/28/20,3447,105,16
Australia,Australia,3/28/20,3640,14,244
Denmark,Denmark,3/28/20,2201,65,1
Malaysia,Malaysia,3/28/20,2320,27,320
Israel,Israel,3/28/20,3619,12,89
Turkey,Turkey,3/28/20,7402,108,70
Czech Republic,Czech Republic,3/28/20,2631,11,11
Japan,Japan,3/28/20,1693,52,404
Ireland,Ireland,3/28/20,2415,36,5
Pakistan,Pakistan,3/28/20,1495,12,29
Luxembourg,Luxembourg,3/28/20,1831,18,40
Ecuador,Ecuador,3/28/20,1835,48,3
Thailand,Thailand,3/28/20,1245,6,97
Finland,Finland,3/28/20,1167,8,10
Others,Japan (Diamond Princess),3/28/20,706,6,10
Poland,Poland,3/28/20,1638,18,7
Iceland,Iceland,3/28/20,963,2,97
Indonesia,Indonesia,3/28/20,1155,102,59
Romania,Romania,3/28/20,1452,29,139
Saudi Arabia,Saudi Arabia,3/28/20,1203,4,37
Singapore,Singapore,3/28/20,802,2,198
Qatar,Qatar,3/28/20,590,1,45
Philippines,Philippines,3/28/20,1075,68,35
Slovenia,Slovenia,3/28/20,684,9,10
Russia,Russia,3/28/20,1264,4,49
South Africa,South Africa,3/28/20,1187,2,31
Estonia,Estonia,3/28/20,645,1,20
Bahrain,Bahrain,3/28/20,476,4,265
Egypt,Egypt,3/28/20,576,36,121
Mexico,Mexico,3/28/20,717,12,4
Croatia,Croatia,3/28/20,657,5,45
Panama,Panama,3/28/20,786,14,2
Lebanon,Lebanon,3/28/20,412,8,27
Iraq,Iraq,3/28/20,506,42,131
Serbia,Serbia,3/28/20,659,10,0
Dominican Republic,Dominican Republic,3/28/20,719,28,3
Algeria,Algeria,3/28/20,454,29,29
Armenia,Armenia,3/28/20,407,1,30
Kuwait,Kuwait,3/28/20,235,0,64
Bulgaria,Bulgaria,3/28/20,331,6,11
Slovakia,Slovakia,3/28/20,292,0,2
San Marino,San Marino,3/28/20,224,22,6
United Arab Emirates,United Arab Emirates,3/28/20,468,2,52
Latvia,Latvia,3/28/20,305,0,1
Uruguay,Uruguay,3/28/20,304,0,0
Hungary,Hungary,3/28/20,343,11,34
Lithuania,Lithuania,3/28/20,394,7,1
Costa Rica,Costa Rica,3/28/20,295,2,3
North Macedonia,North Macedonia,3/28/20,241,4,3
Vietnam,Vietnam,3/28/20,174,0,21
Andorra,Andorra,3/28/20,308,3,1
Morocco,Morocco,3/28/20,402,25,12
Jordan,Jordan,3/28/20,246,1,18
Cyprus,Cyprus,3/28/20,179,5,15
Moldova,Moldova,3/28/20,231,2,2
Bosnia and Herzegovina,Bosnia and Herzegovina,3/28/20,278,6,8
Malta,Malta,3/28/20,149,0,2
Albania,Albania,3/28/20,197,10,31
Brunei,Brunei,3/28/20,120,1,25
Cambodia,Cambodia,3/28/20,99,0,11
Sri Lanka,Sri Lanka,3/28/20,113,1,9
Belarus,Belarus,3/28/20,94,0,32
Tunisia,Tunisia,3/28/20,278,8,2
Burkina Faso,Burkina Faso,3/28/20,207,11,21
Venezuela,Venezuela,3/28/20,119,2,39
New Zealand,New Zealand,3/28/20,514,1,56
Azerbaijan,Azerbaijan,3/28/20,182,4,15
Kazakhstan,Kazakhstan,3/28/20,228,1,16
Senegal,Senegal,3/28/20,130,0,18
Guadeloupe,Guadeloupe,3/28/20,56,0,0
Oman,Oman,3/28/20,152,0,23
Georgia (country),Georgia,3/28/20,90,0,14
Trinidad and Tobago,Trinidad and Tobago,3/28/20,76,3,1
Ukraine,Ukraine,3/28/20,356,9,5
Reunion,Reunion,3/28/20,47,0,0
Uzbekistan,Uzbekistan,3/28/20,104,2,5
Cameroon,Cameroon,3/28/20,91,2,2
Martinique,Martinique,3/28/20,37,1,0
Liechtenstein,Liechtenstein,3/28/20,56,0,0
Afghanistan,Afghanistan,3/28/20,110,4,2
Palestine,Palestine,3/28/20,98,1,18
Democratic Republic of the Congo,Democratic Republic of the Congo,3/28/20,65,6,2
Bangladesh,Bangladesh,3/28/20,48,5,11
Nigeria,Nigeria,3/28/20,97,1,3
Honduras,Honduras,3/28/20,95,1,3
Bolivia,Bolivia,3/28/20,74,0,0
Paraguay,Paraguay,3/28/20,56,3,1
Cuba,Cuba,3/28/20,119,3,4
Ghana,Ghana,3/28/20,141,5,2
French Guiana,French Guiana,3/28/20,18,0,6
Rwanda,Rwanda,3/28/20,60,0,0
Guatemala,Guatemala,3/28/20,34,1,10
Jamaica,Jamaica,3/28/20,30,1,2
Togo,Togo,3/28/20,25,0,1
Kenya,Kenya,3/28/20,38,1,1
Cote d'Ivoire,Cote d'Ivoire,3/28/20,101,0,3
Maldives,Maldives,3/28/20,16,0,9
Monaco,Monaco,3/28/20,42,0,1
Ethiopia,Ethiopia,3/28/20,16,0,0
Mongolia,Mongolia,3/28/20,12,0,0
Guyana,Guyana,3/28/20,8,1,0
Seychelles,Seychelles,3/28/20,8,0,0
Suriname,Suriname,3/28/20,8,0,0
Gabon,Gabon,3/28/20,7,1,0
French Polynesia,French Polynesia,3/28/20,3,0,0
Namibia,Namibia,3/28/20,8,0,2
Bhutan,Bhutan,3/28/20,3,0,0
Saint Lucia,Saint Lucia,3/28/20,3,0,0
Sudan,Sudan,3/28/20,5,1,0
Nepal,Nepal,3/28/20,5,0,1
Guinea,Guinea,3/28/20,8,0,0
Aruba,Aruba,3/28/20,2,0,0
Jersey,Jersey,3/28/20,2,0,0
Mauritania,Mauritania,3/28/20,5,0,0
Antigua and Barbuda,Antigua and Barbuda,3/28/20,7,0,0
Saint Vincent and the Grenadines,Saint Vincent and the Grenadines,3/28/20,1,0,0
Curacao,Curacao,3/28/20,1,0,0
Greenland,Greenland,3/28/20,1,0,0
Guernsey,Guernsey,3/28/20,1,0,0
Vatican City,Vatican City,3/28/20,6,0,0
Cayman Islands,Cayman Islands,3/28/20,1,0,0
Argentina,Argentina,3/28/20,745,19,76
Brazil,Brazil,3/28/20,3904,114,6
Canada,Canada,3/28/20,5655,61,481
Chile,Chile,3/28/20,1909,6,61
Colombia,Colombia,3/28/20,608,6,10
Germany,Germany,3/28/20,58101,474,6658
Greece,Greece,3/28/20,1061,32,52
India,India,3/28/20,940,24,83
Peru,Peru,3/28/20,671,16,16
USA (Aggregate Recovered),USA,3/28/20,0,0,2612
New York,USA,3/28/20,53520,834,0
New Jersey,USA,3/28/20,11124,140,0
California,USA,3/28/20,5648,120,0
Michigan,USA,3/28/20,4659,112,0
Washington,USA,3/28/20,4311,189,0
Massachusetts,USA,3/28/20,4257,44,0
Florida,USA,3/28/20,4038,54,0
Illinois,USA,3/28/20,3498,47,0
Louisiana,USA,3/28/20,3315,137,0
Pennsylvania,USA,3/28/20,2909,35,0
Texas,USA,3/28/20,2535,34,0
Georgia,USA,3/28/20,2446,79,0
Colorado,USA,3/28/20,2063,44,0
Connecticut,USA,3/28/20,1524,33,0
Tennessee,USA,3/28/20,1512,7,0
Ohio,USA,3/28/20,1406,25,0
Indiana,USA,3/28/20,1232,31,0
Maryland,USA,3/28/20,1068,10,0
North Carolina,USA,3/28/20,1062,5,0
Wisconsin,USA,3/28/20,1055,17,0
Missouri,USA,3/28/20,847,11,0
Arizona,USA,3/28/20,773,15,0
Virginia,USA,3/28/20,740,17,0
Nevada,USA,3/28/20,738,14,0
Alabama,USA,3/28/20,721,9,0
Mississippi,USA,3/28/20,663,13,0
South Carolina,USA,3/28/20,661,15,0
Utah,USA,3/28/20,604,2,0
Oregon,USA,3/28/20,479,13,0
Minnesota,USA,3/28/20,441,5,0
Arkansas,USA,3/28/20,409,5,0
Kentucky,USA,3/28/20,394,9,0
Oklahoma,USA,3/28/20,377,15,0
District of Columbia,USA,3/28/20,342,4,0
Iowa,USA,3/28/20,298,3,0
Kansas,USA,3/28/20,269,5,0
Idaho,USA,3/28/20,265,5,0
Rhode Island,USA,3/28/20,239,2,0
Delaware,USA,3/28/20,214,5,0
New Hampshire,USA,3/28/20,214,2,0
Vermont,USA,3/28/20,211,12,0
Maine,USA,3/28/20,211,1,0
New Mexico,USA,3/28/20,208,2,0
Hawaii,USA,3/28/20,149,0,0
Montana,USA,3/28/20,147,1,0
Puerto Rico,USA,3/28/20,100,3,0
West Virginia,USA,3/28/20,113,0,0
Nebraska,USA,3/28/20,108,2,0
Grand Princess,USA,3/28/20,103,3,0
Alaska,USA,3/28/20,102,2,0
North Dakota,USA,3/28/20,94,1,0
Wyoming,USA,3/28/20,84,0,0
South Dakota,USA,3/28/20,68,1,0
Guam,USA,3/28/20,55,1,0
Diamond Princess,USA,3/28/20,49,0,0
United States Virgin Islands,USA,3/28/20,22,0,0
Wuhan Evacuee,USA,3/28/20,4,0,0